Time_ms,Lat,Lon,Alt,Speed_mps,Battery_percent,Mission
2025-11-21 12:31:54.764,nan,nan,nan,0,nan,None
2025-11-21 12:31:54.964,47.4023,8.54698,-0.034,0,10000,None
2025-11-21 12:31:55.165,47.4023,8.54698,-0.035,0,10000,None
2025-11-21 12:31:55.365,47.4023,8.54698,-0.035,0,10000,None
2025-11-21 12:31:55.565,47.4023,8.54698,-0.034,0,10000,None
2025-11-21 12:31:55.765,47.4023,8.54698,-0.033,0.01,10000,None
2025-11-21 12:31:55.965,47.4023,8.54698,-0.032,0.01,10000,None
2025-11-21 12:31:56.166,47.4023,8.54698,-0.032,0.0141421,10000,None
2025-11-21 12:31:56.366,47.4023,8.54698,-0.032,0.0141421,10000,None
2025-11-21 12:31:56.566,47.4023,8.54698,-0.033,0.0141421,10000,None
2025-11-21 12:31:56.767,47.4023,8.54698,-0.034,0.0141421,10000,None
2025-11-21 12:31:56.967,47.4023,8.54698,-0.034,0.01,10000,None
2025-11-21 12:31:57.167,47.4023,8.54698,-0.034,0.01,10000,None
2025-11-21 12:31:57.367,47.4023,8.54698,-0.034,0.01,10000,None
2025-11-21 12:31:57.567,47.4023,8.54698,-0.035,0.01,10000,None
2025-11-21 12:31:57.767,47.4023,8.54698,-0.035,0,10000,None
2025-11-21 12:31:57.968,47.4023,8.54698,-0.032,0,10000,None
2025-11-21 12:31:58.168,47.4023,8.54698,-0.029,0,10000,None
2025-11-21 12:31:58.368,47.4023,8.54698,-0.024,0,10000,None
2025-11-21 12:31:58.568,47.4023,8.54698,-0.022,0,10000,None
2025-11-21 12:31:58.768,47.4023,8.54698,-0.02,0.01,10000,None
2025-11-21 12:31:58.968,47.4023,8.54698,-0.018,0.01,10000,None
2025-11-21 12:31:59.169,47.4023,8.54698,-0.017,0.01,10000,None
2025-11-21 12:31:59.369,47.4023,8.54698,-0.016,0,10000,None
2025-11-21 12:31:59.569,47.4023,8.54698,-0.015,0.01,10000,None
2025-11-21 12:31:59.769,47.4023,8.54698,-0.016,0.01,10000,None
2025-11-21 12:31:59.969,47.4023,8.54698,-0.016,0.01,10000,None
2025-11-21 12:32:00.170,47.4023,8.54698,-0.016,0.01,10000,None
2025-11-21 12:32:00.370,47.4023,8.54698,0,0.01,10000,None
2025-11-21 12:32:00.570,47.4023,8.54698,-0.001,0.01,10000,None
2025-11-21 12:32:00.770,47.4023,8.54698,-0.003,0.01,10000,None
2025-11-21 12:32:00.970,47.4023,8.54698,-0.004,0.0141421,10000,None
2025-11-21 12:32:01.170,47.4023,8.54698,-0.007,0.0141421,10000,None
2025-11-21 12:32:01.371,47.4023,8.54698,-0.008,0.0141421,10000,None
2025-11-21 12:32:01.571,47.4023,8.54698,-0.008,0.01,10000,None
2025-11-21 12:32:01.771,47.4023,8.54698,-0.005,0,10000,None
2025-11-21 12:32:01.971,47.4023,8.54698,-0.002,0,10000,None
2025-11-21 12:32:02.171,47.4023,8.54698,0.001,0.01,10000,None
2025-11-21 12:32:02.372,47.4023,8.54698,0.004,0.01,9800,None
2025-11-21 12:32:02.572,47.4023,8.54698,0.006,0.01,9800,None
2025-11-21 12:32:02.772,47.4023,8.54698,0.007,0.01,9800,None
2025-11-21 12:32:02.972,47.4023,8.54698,0.006,0.01,9800,None
2025-11-21 12:32:03.172,47.4023,8.54698,0.008,0,9800,None
2025-11-21 12:32:03.373,47.4023,8.54698,0.01,0,9800,None
2025-11-21 12:32:03.573,47.4023,8.54698,0.013,0,9800,None
2025-11-21 12:32:03.773,47.4023,8.54698,0.017,0,9800,None
2025-11-21 12:32:03.973,47.4023,8.54698,0.022,0,9800,None
2025-11-21 12:32:04.173,47.4023,8.54698,0.026,0,9800,None
2025-11-21 12:32:04.373,47.4023,8.54698,0.029,0,9500,None
2025-11-21 12:32:04.574,47.4023,8.54698,0.031,0,9500,None
2025-11-21 12:32:04.774,47.4023,8.54698,0.04,0.0905538,9500,None
2025-11-21 12:32:04.974,47.4023,8.54698,0.079,0.261725,9500,None
2025-11-21 12:32:05.174,47.4023,8.54698,0.154,0.432897,9500,None
2025-11-21 12:32:05.374,47.4023,8.54698,0.268,0.612046,9500,None
2025-11-21 12:32:05.574,47.4023,8.54698,0.417,0.781665,9500,None
2025-11-21 12:32:05.775,47.4023,8.54698,0.584,0.781025,9500,None
2025-11-21 12:32:05.975,47.4023,8.54698,0.718,0.720625,9500,None
2025-11-21 12:32:06.175,47.4023,8.54698,0.858,0.71007,9500,None
2025-11-21 12:32:06.375,47.4023,8.54698,0.996,0.71,9500,None
2025-11-21 12:32:06.575,47.4023,8.54698,1.131,0.69029,9200,None
2025-11-21 12:32:06.776,47.4023,8.54698,1.265,0.680661,9200,None
2025-11-21 12:32:06.976,47.4023,8.54698,1.395,0.650692,9200,None
2025-11-21 12:32:07.176,47.4023,8.54698,1.519,0.620725,9200,None
2025-11-21 12:32:07.376,47.4023,8.54698,1.636,0.590762,9200,None
2025-11-21 12:32:07.576,47.4023,8.54698,1.737,0.560803,9200,None
2025-11-21 12:32:07.777,47.4023,8.54698,1.838,0.470956,9200,None
2025-11-21 12:32:07.977,47.4023,8.54698,1.907,0.242074,9200,None
2025-11-21 12:32:08.177,47.4023,8.54698,1.935,0.141774,9200,None
2025-11-21 12:32:08.377,47.4023,8.54698,1.96,0.170587,9200,None
2025-11-21 12:32:08.578,47.4023,8.54698,1.999,0.21,8800,None
2025-11-21 12:32:08.778,47.4023,8.54698,2.044,0.21,8800,None
2025-11-21 12:32:08.978,47.4023,8.54698,2.084,0.20025,8800,None
2025-11-21 12:32:09.178,47.4023,8.54698,2.126,0.180278,8800,None
2025-11-21 12:32:09.378,47.4023,8.54698,2.163,0.160312,8800,None
2025-11-21 12:32:09.578,47.4023,8.54698,2.194,0.150333,8800,None
2025-11-21 12:32:09.779,47.4023,8.54698,2.223,0.130384,8800,None
2025-11-21 12:32:09.979,47.4023,8.54698,2.249,0.121655,8800,None
2025-11-21 12:32:10.179,47.4023,8.54698,2.271,0.111803,8800,None
2025-11-21 12:32:10.379,47.4023,8.54698,2.291,0.104403,8800,None
2025-11-21 12:32:10.579,47.4023,8.54698,2.308,0.0948683,8500,None
2025-11-21 12:32:10.780,47.4023,8.54698,2.326,0.0953939,8500,None
2025-11-21 12:32:10.980,47.4023,8.54698,2.345,0.0860232,8500,None
2025-11-21 12:32:11.180,47.4023,8.54698,2.362,0.0734847,8500,None
2025-11-21 12:32:11.380,47.4023,8.54698,2.376,0.0640312,8500,None
2025-11-21 12:32:11.580,47.4023,8.54698,2.388,0.0547723,8500,None
2025-11-21 12:32:11.781,47.4023,8.54698,2.399,0.0519615,8500,None
2025-11-21 12:32:11.981,47.4023,8.54698,2.409,0.0412311,8500,None
2025-11-21 12:32:12.181,47.4023,8.54698,2.416,0.04,8500,None
2025-11-21 12:32:12.381,47.4023,8.54698,2.423,0.03,8500,None
2025-11-21 12:32:12.581,47.4023,8.54698,2.428,0.0316228,8200,None
2025-11-21 12:32:12.782,47.4023,8.54698,2.431,0.0331662,8200,None
2025-11-21 12:32:12.982,47.4023,8.54698,2.437,0.0412311,8200,None
2025-11-21 12:32:13.182,47.4023,8.54698,2.445,0.0469042,8200,None
2025-11-21 12:32:13.382,47.4023,8.54698,2.455,0.0489898,8200,None
2025-11-21 12:32:13.582,47.4023,8.54698,2.465,0.0424264,8200,None
2025-11-21 12:32:13.783,47.4023,8.54698,2.472,0.0519615,8200,None
2025-11-21 12:32:13.983,47.4023,8.54698,2.478,0.05,8200,None
2025-11-21 12:32:14.183,47.4023,8.54698,2.481,0.04,8200,None
2025-11-21 12:32:14.383,47.4023,8.54698,2.482,0.04,8200,None
2025-11-21 12:32:14.584,47.4023,8.54698,2.482,0.0316228,7800,None
2025-11-21 12:32:14.784,47.4023,8.54698,2.482,0.0316228,7800,None
2025-11-21 12:32:14.984,47.4023,8.54698,2.484,0.0282843,7800,None
2025-11-21 12:32:15.184,47.4023,8.54698,2.485,0.0141421,7800,None
2025-11-21 12:32:15.384,47.4023,8.54698,2.485,0.01,7800,None
2025-11-21 12:32:15.585,47.4023,8.54698,2.485,0,7800,None
2025-11-21 12:32:15.785,47.4023,8.54698,2.485,0.01,7800,None
2025-11-21 12:32:15.985,47.4023,8.54698,2.486,0.01,7800,None
2025-11-21 12:32:16.185,47.4023,8.54698,2.486,0.01,7800,None
2025-11-21 12:32:16.385,47.4023,8.54698,2.486,0.01,7800,None
2025-11-21 12:32:16.585,47.4023,8.54698,2.486,0.01,7500,None
2025-11-21 12:32:16.786,47.4023,8.54698,2.487,0.01,7500,None
2025-11-21 12:32:16.986,47.4023,8.54698,2.49,0.01,7500,None
2025-11-21 12:32:17.186,47.4023,8.54698,2.492,0.02,7500,None
2025-11-21 12:32:17.386,47.4023,8.54698,2.495,0.01,7500,None
2025-11-21 12:32:17.586,47.4023,8.54698,2.499,0.01,7500,None
2025-11-21 12:32:17.787,47.4023,8.54698,2.502,0,7500,None
2025-11-21 12:32:17.987,47.4023,8.54698,2.505,0.01,7500,None
2025-11-21 12:32:18.187,47.4023,8.54698,2.505,0.01,7500,None
2025-11-21 12:32:18.387,47.4023,8.54698,2.505,0.01,7500,None
2025-11-21 12:32:18.587,47.4023,8.54698,2.504,0.01,7200,None
2025-11-21 12:32:18.788,47.4023,8.54698,2.505,0,7200,None
2025-11-21 12:32:18.988,47.4023,8.54698,2.507,0,7200,None
2025-11-21 12:32:19.188,47.4023,8.54698,2.508,0,7200,None
2025-11-21 12:32:19.388,47.4023,8.54698,2.508,0,7200,None
2025-11-21 12:32:19.589,47.4023,8.54698,2.507,0,7200,None
2025-11-21 12:32:19.789,47.4023,8.54698,2.508,0,7200,None
2025-11-21 12:32:19.989,47.4023,8.54698,2.509,0.01,7200,None
2025-11-21 12:32:20.189,47.4023,8.54698,2.507,0,7200,None
2025-11-21 12:32:20.389,47.4023,8.54698,2.505,0.01,7200,None
2025-11-21 12:32:20.589,47.4023,8.54698,2.506,0.01,6800,None
2025-11-21 12:32:20.789,47.4023,8.54698,2.508,0.02,6800,None
2025-11-21 12:32:20.990,47.4023,8.54698,2.511,0.02,6800,None
2025-11-21 12:32:21.190,47.4023,8.54698,2.511,0.0223607,6800,None
2025-11-21 12:32:21.390,47.4023,8.54698,2.509,0.0223607,6800,None
2025-11-21 12:32:21.590,47.4023,8.54698,2.505,0.02,6800,None
2025-11-21 12:32:21.790,47.4023,8.54698,2.501,0.01,6800,None
2025-11-21 12:32:21.990,47.4023,8.54698,2.497,0,6800,None
2025-11-21 12:32:22.191,47.4023,8.54698,2.493,0,6800,None
2025-11-21 12:32:22.391,47.4023,8.54698,2.493,0,6800,None
2025-11-21 12:32:22.591,47.4023,8.54698,2.496,0,6800,None
2025-11-21 12:32:22.791,47.4023,8.54698,2.498,0,6500,None
2025-11-21 12:32:22.991,47.4023,8.54698,2.498,0,6500,None
2025-11-21 12:32:23.192,47.4023,8.54698,2.499,0.01,6500,None
2025-11-21 12:32:23.392,47.4023,8.54698,2.501,0.01,6500,None
2025-11-21 12:32:23.592,47.4023,8.54698,2.502,0.01,6500,None
2025-11-21 12:32:23.792,47.4023,8.54698,2.504,0.01,6500,None
2025-11-21 12:32:23.992,47.4023,8.54698,2.505,0.0141421,6500,None
2025-11-21 12:32:24.193,47.4023,8.54698,2.504,0.0141421,6500,None
2025-11-21 12:32:24.393,47.4023,8.54698,2.501,0.01,6500,None
2025-11-21 12:32:24.593,47.4023,8.54698,2.499,0.02,6500,None
2025-11-21 12:32:24.793,47.4023,8.54698,2.497,0.02,6200,None
2025-11-21 12:32:24.993,47.4023,8.54698,2.495,0.02,6200,None
2025-11-21 12:32:25.194,47.4023,8.54698,2.494,0.02,6200,None
2025-11-21 12:32:25.394,47.4023,8.54698,2.493,0.02,6200,None
2025-11-21 12:32:25.594,47.4023,8.54698,2.491,0.01,6200,None
2025-11-21 12:32:25.794,47.4023,8.54698,2.489,0.0141421,6200,None
2025-11-21 12:32:25.994,47.4023,8.54698,2.49,0.0223607,6200,None
2025-11-21 12:32:26.195,47.4023,8.54698,2.491,0.0316228,6200,None
2025-11-21 12:32:26.395,47.4023,8.54698,2.49,0.03,6200,None
2025-11-21 12:32:26.595,47.4023,8.54698,2.49,0.0316228,6200,None
2025-11-21 12:32:26.795,47.4023,8.54698,2.492,0.0316228,5800,None
2025-11-21 12:32:26.995,47.4023,8.54698,2.496,0.02,5800,None
2025-11-21 12:32:27.196,47.4023,8.54698,2.499,0.01,5800,None
2025-11-21 12:32:27.396,47.4023,8.54698,2.501,0,5800,None
2025-11-21 12:32:27.596,47.4023,8.54698,2.499,0,5800,None
2025-11-21 12:32:27.796,47.4023,8.54698,2.5,0,5800,None
2025-11-21 12:32:27.996,47.4023,8.54698,2.503,0,5800,None
2025-11-21 12:32:28.197,47.4023,8.54698,2.507,0,5800,None
2025-11-21 12:32:28.397,47.4023,8.54698,2.508,0,5800,None
2025-11-21 12:32:28.597,47.4023,8.54698,2.507,0,5800,None
2025-11-21 12:32:28.797,47.4023,8.54698,2.505,0,5500,None
2025-11-21 12:32:28.997,47.4023,8.54698,2.505,0,5500,None
2025-11-21 12:32:29.198,47.4023,8.54698,2.506,0,5500,None
2025-11-21 12:32:29.398,47.4023,8.54698,2.506,0,5500,None
2025-11-21 12:32:29.598,47.4023,8.54698,2.507,0,5500,None
2025-11-21 12:32:29.798,47.4023,8.54698,2.505,0,5500,None
2025-11-21 12:32:29.998,47.4023,8.54698,2.502,0.01,5500,None
2025-11-21 12:32:30.199,47.4023,8.54698,2.498,0.0141421,5500,None
2025-11-21 12:32:30.399,47.4023,8.54698,2.496,0.0141421,5500,None
2025-11-21 12:32:30.599,47.4023,8.54698,2.495,0.0223607,5500,None
2025-11-21 12:32:30.799,47.4023,8.54698,2.496,0.0223607,5200,None
2025-11-21 12:32:30.999,47.4023,8.54698,2.499,0.0223607,5200,None
2025-11-21 12:32:31.200,47.4023,8.54698,2.501,0.02,5200,None
2025-11-21 12:32:31.400,47.4023,8.54698,2.501,0.02,5200,None
2025-11-21 12:32:31.600,47.4023,8.54698,2.503,0.0223607,5200,None
2025-11-21 12:32:31.800,47.4023,8.54698,2.505,0.01,5200,None
2025-11-21 12:32:32.000,47.4023,8.54698,2.506,0.02,5200,None
2025-11-21 12:32:32.201,47.4023,8.54698,2.505,0.0223607,5200,None
2025-11-21 12:32:32.401,47.4023,8.54698,2.505,0.0223607,5200,None
2025-11-21 12:32:32.601,47.4023,8.54698,2.503,0.0282843,5200,None
2025-11-21 12:32:32.801,47.4023,8.54698,2.499,0.0223607,5000,None
2025-11-21 12:32:33.001,47.4023,8.54698,2.495,0.0141421,5000,None
2025-11-21 12:32:33.202,47.4023,8.54698,2.492,0.0141421,5000,None
2025-11-21 12:32:33.402,47.4023,8.54698,2.489,0.01,5000,None
2025-11-21 12:32:33.602,47.4023,8.54698,2.487,0.0141421,5000,None
2025-11-21 12:32:33.802,47.4023,8.54698,2.485,0.01,5000,None
2025-11-21 12:32:34.002,47.4023,8.54698,2.484,0.01,5000,None
2025-11-21 12:32:34.202,47.4023,8.54698,2.485,0.01,5000,None
2025-11-21 12:32:34.403,47.4023,8.54698,2.486,0.01,5000,None
2025-11-21 12:32:34.603,47.4023,8.54698,2.486,0.0141421,5000,None
2025-11-21 12:32:34.803,47.4023,8.54698,2.487,0.0223607,5000,None
2025-11-21 12:32:35.003,47.4023,8.54698,2.489,0.0223607,5000,None
2025-11-21 12:32:35.204,47.4023,8.54698,2.492,0.0223607,5000,None
2025-11-21 12:32:35.404,47.4023,8.54698,2.493,0.02,5000,None
2025-11-21 12:32:35.604,47.4023,8.54698,2.495,0.01,5000,None
2025-11-21 12:32:35.804,47.4023,8.54698,2.498,0.0141421,5000,None
2025-11-21 12:32:36.004,47.4023,8.54698,2.501,0.0141421,5000,None
2025-11-21 12:32:36.204,47.4023,8.54698,2.502,0.0223607,5000,None
2025-11-21 12:32:36.405,47.4023,8.54698,2.503,0.0223607,5000,None
2025-11-21 12:32:36.605,47.4023,8.54698,2.503,0.0141421,5000,None
2025-11-21 12:32:36.805,47.4023,8.54698,2.504,0,5000,None
2025-11-21 12:32:37.005,47.4023,8.54698,2.503,0,5000,None
2025-11-21 12:32:37.205,47.4023,8.54698,2.502,0.01,5000,None
2025-11-21 12:32:37.405,47.4023,8.54698,2.499,0.01,5000,None
2025-11-21 12:32:37.606,47.4023,8.54698,2.498,0.01,5000,None
2025-11-21 12:32:37.806,47.4023,8.54698,2.499,0.01,5000,None
2025-11-21 12:32:38.006,47.4023,8.54698,2.501,0,5000,None
2025-11-21 12:32:38.206,47.4023,8.54698,2.502,0,5000,None
2025-11-21 12:32:38.406,47.4023,8.54698,2.502,0,5000,None
2025-11-21 12:32:38.606,47.4023,8.54698,2.504,0,5000,None
2025-11-21 12:32:38.807,47.4023,8.54698,2.507,0.01,5000,None
2025-11-21 12:32:39.007,47.4023,8.54698,2.509,0.01,5000,None
2025-11-21 12:32:39.207,47.4023,8.54698,2.51,0.02,5000,None
2025-11-21 12:32:39.407,47.4023,8.54698,2.51,0.0223607,5000,None
2025-11-21 12:32:39.607,47.4023,8.54698,2.509,0.0141421,5000,None
2025-11-21 12:32:39.808,47.4023,8.54698,2.506,0.01,5000,None
2025-11-21 12:32:40.008,47.4023,8.54698,2.502,0,5000,None
2025-11-21 12:32:40.208,47.4023,8.54698,2.496,0,5000,None
2025-11-21 12:32:40.409,47.4023,8.54698,2.491,0,5000,None
2025-11-21 12:32:40.609,47.4023,8.54698,2.489,0,5000,None
2025-11-21 12:32:40.809,47.4023,8.54698,2.487,0.0141421,5000,None
2025-11-21 12:32:41.009,47.4023,8.54698,2.486,0.0141421,5000,None
2025-11-21 12:32:41.210,47.4023,8.54698,2.485,0.0173205,5000,None
2025-11-21 12:32:41.410,47.4023,8.54698,2.486,0.0173205,5000,None
2025-11-21 12:32:41.610,47.4023,8.54698,2.488,0.0173205,5000,None
2025-11-21 12:32:41.810,47.4023,8.54698,2.488,0.0223607,5000,None
2025-11-21 12:32:42.010,47.4023,8.54698,2.489,0.0223607,5000,None
2025-11-21 12:32:42.210,47.4023,8.54698,2.49,0.0223607,5000,None
2025-11-21 12:32:42.411,47.4023,8.54698,2.494,0.02,5000,None
2025-11-21 12:32:42.611,47.4023,8.54698,2.497,0.0141421,5000,None
2025-11-21 12:32:42.811,47.4023,8.54698,2.498,0.0141421,5000,None
2025-11-21 12:32:43.011,47.4023,8.54698,2.501,0.01,5000,None
2025-11-21 12:32:43.211,47.4023,8.54698,2.504,0.01,5000,None
2025-11-21 12:32:43.412,47.4023,8.54698,2.505,0,5000,None
2025-11-21 12:32:43.612,47.4023,8.54698,2.508,0.01,5000,None
2025-11-21 12:32:43.812,47.4023,8.54698,2.51,0.01,5000,None
2025-11-21 12:32:44.012,47.4023,8.54698,2.509,0.01,5000,None
2025-11-21 12:32:44.213,47.4023,8.54698,2.507,0,5000,None
2025-11-21 12:32:44.413,47.4023,8.54698,2.506,0,5000,None
2025-11-21 12:32:44.613,47.4023,8.54698,2.505,0,5000,None
2025-11-21 12:32:44.813,47.4023,8.54698,2.505,0,5000,None
2025-11-21 12:32:45.013,47.4023,8.54698,2.505,0.0141421,5000,None
2025-11-21 12:32:45.214,47.4023,8.54698,2.505,0.0141421,5000,None
2025-11-21 12:32:45.414,47.4023,8.54698,2.504,0.0223607,5000,None
2025-11-21 12:32:45.614,47.4023,8.54698,2.502,0.0223607,5000,None
2025-11-21 12:32:45.814,47.4023,8.54698,2.499,0.0223607,5000,None
2025-11-21 12:32:46.014,47.4023,8.54698,2.497,0.01,5000,None
2025-11-21 12:32:46.214,47.4023,8.54698,2.496,0,5000,None
2025-11-21 12:32:46.414,47.4023,8.54698,2.497,0,5000,None
2025-11-21 12:32:46.615,47.4023,8.54698,2.497,0,5000,None
2025-11-21 12:32:46.815,47.4023,8.54698,2.497,0,5000,None
2025-11-21 12:32:47.015,47.4023,8.54698,2.496,0.01,5000,None
2025-11-21 12:32:47.215,47.4023,8.54698,2.495,0.02,5000,None
2025-11-21 12:32:47.415,47.4023,8.54698,2.495,0.02,5000,None
2025-11-21 12:32:47.615,47.4023,8.54698,2.494,0.01,5000,None
2025-11-21 12:32:47.816,47.4023,8.54698,2.495,0.01,5000,None
2025-11-21 12:32:48.016,47.4023,8.54698,2.496,0.01,5000,None
2025-11-21 12:32:48.216,47.4023,8.54698,2.498,0.0141421,5000,None
2025-11-21 12:32:48.416,47.4023,8.54698,2.5,0.02,5000,None
2025-11-21 12:32:48.616,47.4023,8.54698,2.5,0.03,5000,None
2025-11-21 12:32:48.817,47.4023,8.54698,2.499,0.03,5000,None
2025-11-21 12:32:49.017,47.4023,8.54698,2.5,0.02,5000,None
2025-11-21 12:32:49.217,47.4023,8.54698,2.5,0.02,5000,None
2025-11-21 12:32:49.417,47.4023,8.54698,2.5,0.02,5000,None
2025-11-21 12:32:49.618,47.4023,8.54698,2.5,0.0141421,5000,None
2025-11-21 12:32:49.818,47.4023,8.54698,2.5,0.01,5000,None
2025-11-21 12:32:50.018,47.4023,8.54698,2.5,0,5000,None
2025-11-21 12:32:50.218,47.4023,8.54698,2.501,0,5000,None
2025-11-21 12:32:50.418,47.4023,8.54698,2.501,0.0141421,5000,None
2025-11-21 12:32:50.619,47.4023,8.54698,2.499,0.0141421,5000,None
2025-11-21 12:32:50.819,47.4023,8.54698,2.499,0.0223607,5000,None
2025-11-21 12:32:51.019,47.4023,8.54698,2.5,0.0223607,5000,None
2025-11-21 12:32:51.219,47.4023,8.54698,2.502,0.0316228,5000,None
2025-11-21 12:32:51.420,47.4023,8.54698,2.504,0.02,5000,None
2025-11-21 12:32:51.620,47.4023,8.54698,2.505,0.02,5000,None
2025-11-21 12:32:51.820,47.4023,8.54698,2.504,0.02,5000,None
2025-11-21 12:32:52.020,47.4023,8.54698,2.502,0.0223607,5000,None
2025-11-21 12:32:52.220,47.4023,8.54698,2.5,0.0141421,5000,None
2025-11-21 12:32:52.421,47.4023,8.54698,2.499,0.0141421,5000,None
2025-11-21 12:32:52.621,47.4023,8.54698,2.498,0.0141421,5000,None
2025-11-21 12:32:52.821,47.4023,8.54698,2.496,0.01,5000,None
2025-11-21 12:32:53.021,47.4023,8.54698,2.496,0,5000,None
2025-11-21 12:32:53.221,47.4023,8.54698,2.499,0,5000,None
2025-11-21 12:32:53.421,47.4023,8.54698,2.503,0,5000,Circle
2025-11-21 12:32:53.622,47.4023,8.54698,2.517,0.13,5000,Circle
2025-11-21 12:32:53.822,47.4023,8.54698,2.571,0.443959,5000,Circle
2025-11-21 12:32:54.022,47.4023,8.54698,2.715,0.948314,5000,Circle
2025-11-21 12:32:54.222,47.4023,8.54698,2.939,1.48277,5000,Circle
2025-11-21 12:32:54.422,47.4023,8.54698,3.221,2.09764,5000,Circle
2025-11-21 12:32:54.623,47.4023,8.54698,3.55,2.78519,5000,Circle
2025-11-21 12:32:54.823,47.4023,8.54698,3.927,3.45165,5000,Circle
2025-11-21 12:32:55.023,47.4023,8.54698,4.349,4.04825,5000,Circle
2025-11-21 12:32:55.223,47.4023,8.54698,4.809,4.41866,5000,Circle
2025-11-21 12:32:55.423,47.4023,8.54698,5.241,4.53764,5000,Circle
2025-11-21 12:32:55.624,47.4023,8.54698,5.695,4.45742,5000,Circle
2025-11-21 12:32:55.824,47.4023,8.54698,6.116,4.2519,5000,Circle
2025-11-21 12:32:56.024,47.4023,8.54699,6.514,3.93704,5000,Circle
2025-11-21 12:32:56.224,47.4023,8.54699,6.889,3.50114,5000,Circle
2025-11-21 12:32:56.424,47.4023,8.54699,7.232,2.9555,5000,Circle
2025-11-21 12:32:56.625,47.4023,8.54699,7.526,2.4006,5000,Circle
2025-11-21 12:32:56.825,47.4024,8.54699,7.763,1.91296,5000,Circle
2025-11-21 12:32:57.025,47.4024,8.547,7.928,1.58003,5000,Circle
2025-11-21 12:32:57.226,47.4024,8.547,8.083,1.35798,5000,Circle
2025-11-21 12:32:57.426,47.4024,8.547,8.229,1.24024,5000,Circle
2025-11-21 12:32:57.626,47.4024,8.547,8.374,1.15763,5000,Circle
2025-11-21 12:32:57.826,47.4024,8.547,8.512,1.0812,5000,Circle
2025-11-21 12:32:58.027,47.4024,8.54701,8.638,0.991211,5000,Circle
2025-11-21 12:32:58.227,47.4024,8.54701,8.753,0.914112,5000,Circle
2025-11-21 12:32:58.427,47.4024,8.54701,8.847,0.832947,5000,Circle
2025-11-21 12:32:58.627,47.4024,8.54701,8.939,0.766159,5000,Circle
2025-11-21 12:32:58.827,47.4024,8.54701,9.021,0.754056,5000,Circle
2025-11-21 12:32:59.028,47.4024,8.54701,9.097,0.727599,5000,Circle
2025-11-21 12:32:59.228,47.4024,8.54702,9.164,0.652763,5000,Circle
2025-11-21 12:32:59.428,47.4024,8.54702,9.225,0.605475,5000,Circle
2025-11-21 12:32:59.628,47.4024,8.54702,9.28,0.587282,5000,Circle
2025-11-21 12:32:59.828,47.4024,8.54702,9.327,0.576281,5000,Circle
2025-11-21 12:33:00.028,47.4024,8.54702,9.374,0.595735,5000,Circle
2025-11-21 12:33:00.229,47.4024,8.54702,9.416,0.594811,5000,Circle
2025-11-21 12:33:00.429,47.4024,8.54702,9.451,0.616522,5000,Circle
2025-11-21 12:33:00.629,47.4024,8.54703,9.485,0.637024,5000,Circle
2025-11-21 12:33:00.829,47.4024,8.54703,9.518,0.656506,5000,Circle
2025-11-21 12:33:01.029,47.4024,8.54703,9.548,0.685638,5000,Circle
2025-11-21 12:33:01.229,47.4024,8.54703,9.573,0.699857,5000,Circle
2025-11-21 12:33:01.430,47.4024,8.54703,9.593,0.708872,5000,Circle
2025-11-21 12:33:01.630,47.4024,8.54703,9.611,0.726842,5000,Circle
2025-11-21 12:33:01.830,47.4024,8.54703,9.624,0.745721,5000,Circle
2025-11-21 12:33:02.030,47.4024,8.54704,9.636,0.752064,5000,Circle
2025-11-21 12:33:02.231,47.4024,8.54704,9.648,0.76531,5000,Circle
2025-11-21 12:33:02.431,47.4024,8.54704,9.656,0.765833,5000,Circle
2025-11-21 12:33:02.631,47.4024,8.54704,9.664,0.773369,5000,Circle
2025-11-21 12:33:02.831,47.4024,8.54704,9.672,0.782049,5000,Circle
2025-11-21 12:33:03.031,47.4024,8.54704,9.68,0.783454,5000,Circle
2025-11-21 12:33:03.231,47.4024,8.54704,9.689,0.776788,5000,Circle
2025-11-21 12:33:03.432,47.4023,8.54704,9.696,0.778588,5000,Circle
2025-11-21 12:33:03.632,47.4023,8.54705,9.704,0.782943,5000,Circle
2025-11-21 12:33:03.832,47.4023,8.54705,9.715,0.790822,5000,Circle
2025-11-21 12:33:04.032,47.4023,8.54705,9.726,0.793284,5000,Circle
2025-11-21 12:33:04.232,47.4023,8.54705,9.734,0.793284,5000,Circle
2025-11-21 12:33:04.432,47.4023,8.54705,9.739,0.809938,5000,Circle
2025-11-21 12:33:04.633,47.4023,8.54705,9.74,0.826801,5000,Circle
2025-11-21 12:33:04.833,47.4023,8.54705,9.74,0.818352,5000,Circle
2025-11-21 12:33:05.033,47.4023,8.54705,9.741,0.821523,5000,Circle
2025-11-21 12:33:05.233,47.4023,8.54705,9.743,0.833547,5000,Circle
2025-11-21 12:33:05.433,47.4023,8.54706,9.747,0.837257,5000,Circle
2025-11-21 12:33:05.633,47.4023,8.54706,9.752,0.84119,5000,Circle
2025-11-21 12:33:05.834,47.4023,8.54706,9.755,0.84534,5000,Circle
2025-11-21 12:33:06.034,47.4023,8.54706,9.755,0.849706,5000,Circle
2025-11-21 12:33:06.234,47.4023,8.54706,9.755,0.85,5000,Circle
2025-11-21 12:33:06.434,47.4023,8.54706,9.755,0.845813,5000,Circle
2025-11-21 12:33:06.634,47.4023,8.54706,9.754,0.837735,5000,Circle
2025-11-21 12:33:06.834,47.4023,8.54706,9.756,0.83006,5000,Circle
2025-11-21 12:33:07.035,47.4023,8.54706,9.758,0.826378,5000,Circle
2025-11-21 12:33:07.235,47.4023,8.54706,9.759,0.832166,5000,Circle
2025-11-21 12:33:07.435,47.4023,8.54706,9.76,0.841546,5000,Circle
2025-11-21 12:33:07.635,47.4023,8.54706,9.76,0.844334,5000,Circle
2025-11-21 12:33:07.835,47.4023,8.54707,9.759,0.844334,5000,Circle
2025-11-21 12:33:08.035,47.4023,8.54707,9.757,0.850706,5000,Circle
2025-11-21 12:33:08.236,47.4023,8.54707,9.755,0.864002,5000,Circle
2025-11-21 12:33:08.436,47.4023,8.54707,9.751,0.880568,5000,Circle
2025-11-21 12:33:08.636,47.4023,8.54707,9.745,0.875557,5000,Circle
2025-11-21 12:33:08.836,47.4023,8.54707,9.743,0.853815,5000,Circle
2025-11-21 12:33:09.036,47.4023,8.54707,9.741,0.859127,5000,Circle
2025-11-21 12:33:09.236,47.4023,8.54707,9.74,0.864986,5000,Circle
2025-11-21 12:33:09.436,47.4023,8.54707,9.74,0.874814,5000,Circle
2025-11-21 12:33:09.637,47.4023,8.54707,9.741,0.891123,5000,Circle
2025-11-21 12:33:09.837,47.4023,8.54707,9.742,0.889607,5000,Circle
2025-11-21 12:33:10.037,47.4023,8.54707,9.747,0.879716,5000,Circle
2025-11-21 12:33:10.237,47.4023,8.54707,9.751,0.878294,5000,Circle
2025-11-21 12:33:10.437,47.4023,8.54707,9.754,0.876926,5000,Circle
2025-11-21 12:33:10.637,47.4023,8.54707,9.758,0.885664,5000,Circle
2025-11-21 12:33:10.838,47.4023,8.54707,9.762,0.894539,5000,Circle
2025-11-21 12:33:11.038,47.4023,8.54707,9.763,0.893588,5000,Circle
2025-11-21 12:33:11.238,47.4023,8.54707,9.763,0.893588,5000,Circle
2025-11-21 12:33:11.438,47.4023,8.54707,9.759,0.892749,5000,Circle
2025-11-21 12:33:11.638,47.4023,8.54707,9.754,0.901998,5000,Circle
2025-11-21 12:33:11.838,47.4023,8.54707,9.752,0.910879,5000,Circle
2025-11-21 12:33:12.038,47.4023,8.54707,9.751,0.9005,5000,Circle
2025-11-21 12:33:12.239,47.4023,8.54707,9.749,0.900111,5000,Circle
2025-11-21 12:33:12.439,47.4023,8.54707,9.751,0.930054,5000,Circle
2025-11-21 12:33:12.639,47.4023,8.54707,9.753,0.940053,5000,Circle
2025-11-21 12:33:12.839,47.4023,8.54707,9.754,0.940479,5000,Circle
2025-11-21 12:33:13.040,47.4023,8.54707,9.755,0.940851,5000,Circle
2025-11-21 12:33:13.240,47.4023,8.54707,9.756,0.941329,5000,Circle
2025-11-21 12:33:13.440,47.4023,8.54707,9.758,0.931933,5000,Circle
2025-11-21 12:33:13.640,47.4023,8.54707,9.762,0.922659,5000,Circle
2025-11-21 12:33:13.840,47.4023,8.54707,9.764,0.924392,5000,Circle
2025-11-21 12:33:14.040,47.4023,8.54707,9.763,0.925419,5000,Circle
2025-11-21 12:33:14.241,47.4023,8.54707,9.761,0.896772,5000,Circle
2025-11-21 12:33:14.441,47.4023,8.54707,9.759,0.888144,5000,Circle
2025-11-21 12:33:14.641,47.4023,8.54707,9.76,0.899444,5000,Circle
2025-11-21 12:33:14.841,47.4023,8.54707,9.762,0.900944,5000,Circle
2025-11-21 12:33:15.041,47.4023,8.54707,9.761,0.892693,5000,Circle
2025-11-21 12:33:15.242,47.4023,8.54707,9.762,0.894427,5000,Circle
2025-11-21 12:33:15.442,47.4023,8.54707,9.764,0.88459,5000,Circle
2025-11-21 12:33:15.642,47.4023,8.54707,9.767,0.876641,5000,Circle
2025-11-21 12:33:15.842,47.4023,8.54707,9.769,0.878635,5000,Circle
2025-11-21 12:33:16.042,47.4023,8.54707,9.77,0.880795,5000,Circle
2025-11-21 12:33:16.243,47.4023,8.54707,9.77,0.87327,5000,Circle
2025-11-21 12:33:16.443,47.4023,8.54707,9.771,0.87327,5000,Circle
2025-11-21 12:33:16.643,47.4023,8.54707,9.772,0.86591,5000,Circle
2025-11-21 12:33:16.843,47.4022,8.54707,9.773,0.870976,5000,Circle
2025-11-21 12:33:17.043,47.4022,8.54706,9.773,0.86406,5000,Circle
2025-11-21 12:33:17.244,47.4022,8.54706,9.773,0.857321,5000,Circle
2025-11-21 12:33:17.444,47.4022,8.54706,9.774,0.847762,5000,Circle
2025-11-21 12:33:17.644,47.4022,8.54706,9.775,0.841249,5000,Circle
2025-11-21 12:33:17.844,47.4022,8.54706,9.776,0.838212,5000,Circle
2025-11-21 12:33:18.044,47.4022,8.54706,9.773,0.832226,5000,Circle
2025-11-21 12:33:18.244,47.4022,8.54706,9.77,0.817129,5000,Circle
2025-11-21 12:33:18.445,47.4022,8.54706,9.769,0.833906,5000,Circle
2025-11-21 12:33:18.645,47.4022,8.54706,9.768,0.841724,5000,Circle
2025-11-21 12:33:18.845,47.4022,8.54706,9.766,0.827647,5000,Circle
2025-11-21 12:33:19.045,47.4022,8.54706,9.765,0.822922,5000,Circle
2025-11-21 12:33:19.245,47.4022,8.54706,9.765,0.827345,5000,Circle
2025-11-21 12:33:19.445,47.4022,8.54706,9.765,0.814125,5000,Circle
2025-11-21 12:33:19.645,47.4022,8.54705,9.763,0.796492,5000,Circle
2025-11-21 12:33:19.846,47.4022,8.54705,9.762,0.792591,5000,Circle
2025-11-21 12:33:20.046,47.4022,8.54705,9.759,0.7839,5000,Circle
2025-11-21 12:33:20.246,47.4022,8.54705,9.755,0.78032,5000,Circle
2025-11-21 12:33:20.446,47.4022,8.54705,9.75,0.771751,5000,Circle
2025-11-21 12:33:20.646,47.4022,8.54705,9.747,0.776981,5000,Circle
2025-11-21 12:33:20.847,47.4022,8.54705,9.747,0.773951,5000,Circle
2025-11-21 12:33:21.047,47.4022,8.54705,9.747,0.779423,5000,Circle
2025-11-21 12:33:21.247,47.4022,8.54705,9.747,0.776724,5000,Circle
2025-11-21 12:33:21.447,47.4022,8.54704,9.749,0.780128,5000,Circle
2025-11-21 12:33:21.647,47.4022,8.54704,9.754,0.778075,5000,Circle
2025-11-21 12:33:21.847,47.4022,8.54704,9.758,0.768375,5000,Circle
2025-11-21 12:33:22.048,47.4022,8.54704,9.76,0.759276,5000,Circle
2025-11-21 12:33:22.248,47.4022,8.54704,9.759,0.74411,5000,Circle
2025-11-21 12:33:22.448,47.4022,8.54704,9.759,0.735935,5000,Circle
2025-11-21 12:33:22.648,47.4022,8.54704,9.76,0.735527,5000,Circle
2025-11-21 12:33:22.848,47.4022,8.54704,9.761,0.728354,5000,Circle
2025-11-21 12:33:23.048,47.4022,8.54703,9.762,0.714493,5000,Circle
2025-11-21 12:33:23.248,47.4022,8.54703,9.762,0.708378,5000,Circle
2025-11-21 12:33:23.449,47.4022,8.54703,9.764,0.709366,5000,Circle
2025-11-21 12:33:23.649,47.4022,8.54703,9.765,0.702922,5000,Circle
2025-11-21 12:33:23.849,47.4022,8.54703,9.766,0.710634,5000,Circle
2025-11-21 12:33:24.049,47.4022,8.54703,9.765,0.71218,5000,Circle
2025-11-21 12:33:24.249,47.4022,8.54703,9.764,0.692026,5000,Circle
2025-11-21 12:33:24.449,47.4022,8.54702,9.765,0.686003,5000,Circle
2025-11-21 12:33:24.650,47.4022,8.54702,9.767,0.680073,5000,Circle
2025-11-21 12:33:24.850,47.4022,8.54702,9.768,0.682422,5000,Circle
2025-11-21 12:33:25.050,47.4022,8.54702,9.769,0.671193,5000,Circle
2025-11-21 12:33:25.250,47.4022,8.54702,9.77,0.660454,5000,Circle
2025-11-21 12:33:25.450,47.4022,8.54702,9.771,0.672384,5000,Circle
2025-11-21 12:33:25.651,47.4022,8.54701,9.772,0.662495,5000,Circle
2025-11-21 12:33:25.851,47.4022,8.54701,9.772,0.644205,5000,Circle
2025-11-21 12:33:26.051,47.4022,8.54701,9.77,0.648537,5000,Circle
2025-11-21 12:33:26.251,47.4022,8.54701,9.769,0.630793,5000,Circle
2025-11-21 12:33:26.451,47.4022,8.54701,9.768,0.61327,5000,Circle
2025-11-21 12:33:26.651,47.4022,8.54701,9.769,0.605392,5000,Circle
2025-11-21 12:33:26.852,47.4022,8.54701,9.771,0.620322,5000,Circle
2025-11-21 12:33:27.052,47.4022,8.547,9.773,0.635767,5000,Circle
2025-11-21 12:33:27.252,47.4022,8.547,9.775,0.638984,5000,Circle
2025-11-21 12:33:27.452,47.4022,8.547,9.775,0.636082,5000,Circle
2025-11-21 12:33:27.652,47.4022,8.547,9.774,0.642962,5000,Circle
2025-11-21 12:33:27.852,47.4022,8.547,9.773,0.637966,5000,Circle
2025-11-21 12:33:28.053,47.4022,8.547,9.771,0.633561,5000,Circle
2025-11-21 12:33:28.253,47.4022,8.54699,9.768,0.629762,5000,Circle
2025-11-21 12:33:28.453,47.4022,8.54699,9.765,0.626498,5000,Circle
2025-11-21 12:33:28.653,47.4022,8.54699,9.762,0.594138,5000,Circle
2025-11-21 12:33:28.853,47.4022,8.54699,9.759,0.582151,5000,Circle
2025-11-21 12:33:29.053,47.4022,8.54699,9.755,0.600333,5000,Circle
2025-11-21 12:33:29.254,47.4022,8.54699,9.754,0.6,5000,Circle
2025-11-21 12:33:29.454,47.4022,8.54698,9.753,0.600083,5000,Circle
2025-11-21 12:33:29.654,47.4022,8.54698,9.753,0.610328,5000,Circle
2025-11-21 12:33:29.854,47.4022,8.54698,9.755,0.621289,5000,Circle
2025-11-21 12:33:30.054,47.4022,8.54698,9.757,0.622896,5000,Circle
2025-11-21 12:33:30.255,47.4022,8.54698,9.76,0.614003,5000,Circle
2025-11-21 12:33:30.455,47.4022,8.54698,9.763,0.626498,5000,Circle
2025-11-21 12:33:30.655,47.4022,8.54697,9.766,0.628013,5000,Circle
2025-11-21 12:33:30.855,47.4022,8.54697,9.766,0.600167,5000,Circle
2025-11-21 12:33:31.055,47.4022,8.54697,9.764,0.613922,5000,Circle
2025-11-21 12:33:31.256,47.4022,8.54697,9.761,0.63561,5000,Circle
2025-11-21 12:33:31.456,47.4022,8.54697,9.757,0.630635,5000,Circle
2025-11-21 12:33:31.656,47.4022,8.54697,9.754,0.614003,5000,Circle
2025-11-21 12:33:31.856,47.4022,8.54697,9.753,0.64195,5000,Circle
2025-11-21 12:33:32.057,47.4022,8.54696,9.752,0.639062,5000,Circle
2025-11-21 12:33:32.257,47.4022,8.54696,9.75,0.620322,5000,Circle
2025-11-21 12:33:32.457,47.4022,8.54696,9.75,0.646297,5000,Circle
2025-11-21 12:33:32.657,47.4022,8.54696,9.751,0.659242,5000,Circle
2025-11-21 12:33:32.857,47.4022,8.54696,9.751,0.65,5000,Circle
2025-11-21 12:33:33.057,47.4022,8.54696,9.752,0.657951,5000,Circle
2025-11-21 12:33:33.258,47.4022,8.54695,9.753,0.680294,5000,Circle
2025-11-21 12:33:33.458,47.4022,8.54695,9.754,0.661891,5000,Circle
2025-11-21 12:33:33.658,47.4022,8.54695,9.756,0.66242,5000,Circle
2025-11-21 12:33:33.858,47.4022,8.54695,9.758,0.672309,5000,Circle
2025-11-21 12:33:34.059,47.4022,8.54695,9.758,0.677422,5000,Circle
2025-11-21 12:33:34.259,47.4022,8.54695,9.759,0.679559,5000,Circle
2025-11-21 12:33:34.459,47.4022,8.54694,9.758,0.682422,5000,Circle
2025-11-21 12:33:34.659,47.4022,8.54694,9.757,0.686003,5000,Circle
2025-11-21 12:33:34.860,47.4022,8.54694,9.757,0.684105,5000,Circle
2025-11-21 12:33:35.060,47.4022,8.54694,9.757,0.682495,5000,Circle
2025-11-21 12:33:35.260,47.4022,8.54694,9.758,0.694262,5000,Circle
2025-11-21 12:33:35.460,47.4022,8.54694,9.757,0.686804,5000,Circle
2025-11-21 12:33:35.660,47.4022,8.54694,9.757,0.693109,5000,Circle
2025-11-21 12:33:35.860,47.4022,8.54694,9.759,0.700071,5000,Circle
2025-11-21 12:33:36.061,47.4022,8.54693,9.761,0.692965,5000,Circle
2025-11-21 12:33:36.261,47.4022,8.54693,9.762,0.693109,5000,Circle
2025-11-21 12:33:36.461,47.4022,8.54693,9.762,0.714493,5000,Circle
2025-11-21 12:33:36.661,47.4022,8.54693,9.763,0.715052,5000,Circle
2025-11-21 12:33:36.861,47.4022,8.54693,9.762,0.73,5000,Circle
2025-11-21 12:33:37.062,47.4022,8.54693,9.762,0.738783,5000,Circle
2025-11-21 12:33:37.262,47.4022,8.54693,9.763,0.748131,5000,Circle
2025-11-21 12:33:37.462,47.4022,8.54693,9.764,0.77201,5000,Circle
2025-11-21 12:33:37.662,47.4022,8.54692,9.766,0.788162,5000,Circle
2025-11-21 12:33:37.862,47.4022,8.54692,9.766,0.796304,5000,Circle
2025-11-21 12:33:38.063,47.4022,8.54692,9.766,0.790569,5000,Circle
2025-11-21 12:33:38.263,47.4022,8.54692,9.767,0.793221,5000,Circle
2025-11-21 12:33:38.463,47.4022,8.54692,9.768,0.818352,5000,Circle
2025-11-21 12:33:38.663,47.4022,8.54692,9.769,0.821523,5000,Circle
2025-11-21 12:33:38.863,47.4022,8.54692,9.768,0.811295,5000,Circle
2025-11-21 12:33:39.064,47.4022,8.54692,9.767,0.814923,5000,Circle
2025-11-21 12:33:39.264,47.4022,8.54691,9.766,0.818841,5000,Circle
2025-11-21 12:33:39.464,47.4022,8.54691,9.765,0.814125,5000,Circle
2025-11-21 12:33:39.664,47.4022,8.54691,9.765,0.818413,5000,Circle
2025-11-21 12:33:39.864,47.4022,8.54691,9.766,0.813941,5000,Circle
2025-11-21 12:33:40.064,47.4022,8.54691,9.767,0.818596,5000,Circle
2025-11-21 12:33:40.265,47.4022,8.54691,9.767,0.823468,5000,Circle
2025-11-21 12:33:40.465,47.4022,8.54691,9.766,0.828553,5000,Circle
2025-11-21 12:33:40.665,47.4022,8.54691,9.765,0.833847,5000,Circle
2025-11-21 12:33:40.865,47.4022,8.54691,9.763,0.826378,5000,Circle
2025-11-21 12:33:41.065,47.4022,8.54691,9.76,0.8228,5000,Circle
2025-11-21 12:33:41.265,47.4022,8.54691,9.758,0.838153,5000,Circle
2025-11-21 12:33:41.466,47.4022,8.5469,9.756,0.85703,5000,Circle
2025-11-21 12:33:41.666,47.4022,8.5469,9.755,0.860233,5000,Circle
2025-11-21 12:33:41.866,47.4022,8.5469,9.755,0.847703,5000,Circle
2025-11-21 12:33:42.066,47.4022,8.5469,9.754,0.8544,5000,Circle
2025-11-21 12:33:42.266,47.4022,8.5469,9.754,0.861278,5000,Circle
2025-11-21 12:33:42.467,47.4023,8.5469,9.755,0.858662,5000,Circle
2025-11-21 12:33:42.667,47.4023,8.5469,9.757,0.875557,5000,Circle
2025-11-21 12:33:42.867,47.4023,8.5469,9.761,0.873212,5000,Circle
2025-11-21 12:33:43.067,47.4023,8.5469,9.764,0.880738,5000,Circle
2025-11-21 12:33:43.267,47.4023,8.5469,9.766,0.878635,5000,Circle
2025-11-21 12:33:43.468,47.4023,8.5469,9.768,0.876641,5000,Circle
2025-11-21 12:33:43.668,47.4023,8.5469,9.771,0.88459,5000,Circle
2025-11-21 12:33:43.868,47.4023,8.5469,9.775,0.894483,5000,Circle
2025-11-21 12:33:44.068,47.4023,8.5469,9.775,0.902607,5000,Circle
2025-11-21 12:33:44.268,47.4023,8.5469,9.772,0.909395,5000,Circle
2025-11-21 12:33:44.468,47.4023,8.5469,9.767,0.90802,5000,Circle
2025-11-21 12:33:44.669,47.4023,8.5469,9.763,0.906697,5000,Circle
2025-11-21 12:33:44.869,47.4023,8.5469,9.761,0.905538,5000,Circle
2025-11-21 12:33:45.069,47.4023,8.5469,9.759,0.903549,5000,Circle
2025-11-21 12:33:45.269,47.4023,8.5469,9.757,0.911976,5000,Circle
2025-11-21 12:33:45.469,47.4023,8.5469,9.752,0.911373,5000,Circle
2025-11-21 12:33:45.669,47.4023,8.5469,9.749,0.910879,5000,Circle
2025-11-21 12:33:45.870,47.4023,8.5469,9.748,0.900278,5000,Circle
2025-11-21 12:33:46.070,47.4023,8.5469,9.749,0.900111,5000,Circle
2025-11-21 12:33:46.270,47.4023,8.54689,9.75,0.91011,5000,Circle
2025-11-21 12:33:46.470,47.4023,8.54689,9.75,0.920054,5000,Circle
2025-11-21 12:33:46.670,47.4023,8.54689,9.749,0.910055,5000,Circle
2025-11-21 12:33:46.870,47.4023,8.54689,9.75,0.900056,5000,Circle
2025-11-21 12:33:47.071,47.4023,8.54689,9.75,0.910055,5000,Circle
2025-11-21 12:33:47.271,47.4023,8.54689,9.75,0.920217,5000,Circle
2025-11-21 12:33:47.471,47.4023,8.54689,9.752,0.920869,5000,Circle
2025-11-21 12:33:47.671,47.4023,8.5469,9.756,0.911373,5000,Circle
2025-11-21 12:33:47.871,47.4023,8.5469,9.76,0.911976,5000,Circle
2025-11-21 12:33:48.071,47.4023,8.5469,9.764,0.912688,5000,Circle
2025-11-21 12:33:48.272,47.4023,8.5469,9.767,0.91444,5000,Circle
2025-11-21 12:33:48.472,47.4023,8.5469,9.768,0.916624,5000,Circle
2025-11-21 12:33:48.672,47.4023,8.5469,9.768,0.917878,5000,Circle
2025-11-21 12:33:48.872,47.4023,8.5469,9.767,0.929139,5000,Circle
2025-11-21 12:33:49.072,47.4023,8.5469,9.764,0.930591,5000,Circle
2025-11-21 12:33:49.273,47.4023,8.5469,9.763,0.914112,5000,Circle
2025-11-21 12:33:49.473,47.4023,8.5469,9.761,0.90609,5000,Circle
2025-11-21 12:33:49.673,47.4023,8.5469,9.759,0.90802,5000,Circle
2025-11-21 12:33:49.873,47.4023,8.5469,9.759,0.910055,5000,Circle
2025-11-21 12:33:50.073,47.4023,8.5469,9.758,0.890505,5000,Circle
2025-11-21 12:33:50.273,47.4023,8.5469,9.759,0.880738,5000,Circle
2025-11-21 12:33:50.474,47.4023,8.5469,9.76,0.88295,5000,Circle
2025-11-21 12:33:50.674,47.4023,8.5469,9.759,0.873212,5000,Circle
2025-11-21 12:33:50.874,47.4023,8.5469,9.759,0.865852,5000,Circle
2025-11-21 12:33:51.074,47.4023,8.5469,9.759,0.870919,5000,Circle
2025-11-21 12:33:51.274,47.4023,8.5469,9.758,0.8544,5000,Circle
2025-11-21 12:33:51.474,47.4023,8.5469,9.757,0.860233,5000,Circle
2025-11-21 12:33:51.675,47.4023,8.5469,9.757,0.863308,5000,Circle
2025-11-21 12:33:51.875,47.4023,8.5469,9.756,0.834865,5000,Circle
2025-11-21 12:33:52.075,47.4023,8.54691,9.754,0.838153,5000,Circle
2025-11-21 12:33:52.275,47.4023,8.54691,9.752,0.845044,5000,Circle
2025-11-21 12:33:52.475,47.4023,8.54691,9.751,0.817068,5000,Circle
2025-11-21 12:33:52.675,47.4023,8.54691,9.751,0.811542,5000,Circle
2025-11-21 12:33:52.876,47.4023,8.54691,9.752,0.815414,5000,Circle
2025-11-21 12:33:53.076,47.4023,8.54691,9.752,0.810247,5000,Circle
2025-11-21 12:33:53.276,47.4023,8.54691,9.751,0.796241,5000,Circle
2025-11-21 12:33:53.476,47.4023,8.54691,9.75,0.809568,5000,Circle
2025-11-21 12:33:53.677,47.4023,8.54691,9.748,0.804984,5000,Circle
2025-11-21 12:33:53.877,47.4023,8.54691,9.748,0.791833,5000,Circle
2025-11-21 12:33:54.077,47.4023,8.54691,9.748,0.796555,5000,Circle
2025-11-21 12:33:54.277,47.4023,8.54692,9.748,0.801374,5000,Circle
2025-11-21 12:33:54.477,47.4023,8.54692,9.749,0.788987,5000,Circle
2025-11-21 12:33:54.678,47.4023,8.54692,9.75,0.780384,5000,Circle
2025-11-21 12:33:54.878,47.4023,8.54692,9.754,0.782304,5000,Circle
2025-11-21 12:33:55.078,47.4023,8.54692,9.758,0.779359,5000,Circle
2025-11-21 12:33:55.278,47.4023,8.54692,9.761,0.776659,5000,Circle
2025-11-21 12:33:55.478,47.4023,8.54692,9.765,0.760263,5000,Circle
2025-11-21 12:33:55.679,47.4023,8.54692,9.768,0.758024,5000,Circle
2025-11-21 12:33:55.879,47.4024,8.54692,9.77,0.748131,5000,Circle
2025-11-21 12:33:56.079,47.4024,8.54693,9.771,0.746592,5000,Circle
2025-11-21 12:33:56.279,47.4024,8.54693,9.771,0.745252,5000,Circle
2025-11-21 12:33:56.480,47.4024,8.54693,9.772,0.736682,5000,Circle
2025-11-21 12:33:56.680,47.4024,8.54693,9.772,0.721873,5000,Circle
2025-11-21 12:33:56.880,47.4024,8.54693,9.772,0.721457,5000,Circle
2025-11-21 12:33:57.080,47.4024,8.54693,9.773,0.721457,5000,Circle
2025-11-21 12:33:57.280,47.4024,8.54693,9.774,0.721318,5000,Circle
2025-11-21 12:33:57.480,47.4024,8.54693,9.773,0.721457,5000,Circle
2025-11-21 12:33:57.681,47.4024,8.54694,9.772,0.714563,5000,Circle
2025-11-21 12:33:57.881,47.4024,8.54694,9.772,0.715122,5000,Circle
2025-11-21 12:33:58.081,47.4024,8.54694,9.771,0.709436,5000,Circle
2025-11-21 12:33:58.281,47.4024,8.54694,9.77,0.696635,5000,Circle
2025-11-21 12:33:58.481,47.4024,8.54694,9.772,0.698212,5000,Circle
2025-11-21 12:33:58.681,47.4024,8.54694,9.773,0.694118,5000,Circle
2025-11-21 12:33:58.882,47.4024,8.54694,9.773,0.688259,5000,Circle
2025-11-21 12:33:59.082,47.4024,8.54695,9.773,0.676831,5000,Circle
2025-11-21 12:33:59.282,47.4024,8.54695,9.773,0.679632,5000,Circle
2025-11-21 12:33:59.482,47.4024,8.54695,9.772,0.679632,5000,Circle
2025-11-21 12:33:59.682,47.4024,8.54695,9.771,0.668954,5000,Circle
2025-11-21 12:33:59.882,47.4024,8.54695,9.769,0.663777,5000,Circle
2025-11-21 12:34:00.083,47.4024,8.54695,9.767,0.66242,5000,Circle
2025-11-21 12:34:00.283,47.4024,8.54695,9.766,0.666483,5000,Circle
2025-11-21 12:34:00.483,47.4024,8.54696,9.766,0.666408,5000,Circle
2025-11-21 12:34:00.683,47.4024,8.54696,9.765,0.667083,5000,Circle
2025-11-21 12:34:00.883,47.4024,8.54696,9.763,0.664831,5000,Circle
2025-11-21 12:34:01.083,47.4024,8.54696,9.761,0.657875,5000,Circle
2025-11-21 12:34:01.284,47.4024,8.54696,9.759,0.65146,5000,Circle
2025-11-21 12:34:01.484,47.4024,8.54696,9.755,0.6456,5000,Circle
2025-11-21 12:34:01.684,47.4024,8.54697,9.751,0.633246,5000,Circle
2025-11-21 12:34:01.884,47.4024,8.54697,9.748,0.628172,5000,Circle
2025-11-21 12:34:02.084,47.4024,8.54697,9.746,0.623779,5000,Circle
2025-11-21 12:34:02.284,47.4024,8.54697,9.745,0.611964,5000,Circle
2025-11-21 12:34:02.484,47.4024,8.54697,9.745,0.618223,5000,Circle
2025-11-21 12:34:02.685,47.4024,8.54697,9.746,0.62522,5000,Circle
2025-11-21 12:34:02.885,47.4024,8.54698,9.747,0.622977,5000,Circle
2025-11-21 12:34:03.085,47.4024,8.54698,9.75,0.621369,5000,Circle
2025-11-21 12:34:03.285,47.4024,8.54698,9.753,0.630317,5000,Circle
2025-11-21 12:34:03.485,47.4024,8.54698,9.755,0.620081,5000,Circle
2025-11-21 12:34:03.686,47.4024,8.54698,9.757,0.62,5000,Circle
2025-11-21 12:34:03.886,47.4024,8.54698,9.759,0.620081,5000,Circle
2025-11-21 12:34:04.086,47.4024,8.54699,9.76,0.600749,5000,Circle
2025-11-21 12:34:04.286,47.4024,8.54699,9.762,0.601332,5000,Circle
2025-11-21 12:34:04.486,47.4024,8.54699,9.761,0.602992,5000,Circle
2025-11-21 12:34:04.686,47.4024,8.54699,9.76,0.60407,5000,Circle
2025-11-21 12:34:04.887,47.4024,8.54699,9.76,0.606712,5000,Circle
2025-11-21 12:34:05.087,47.4024,8.54699,9.762,0.608276,5000,Circle
2025-11-21 12:34:05.287,47.4024,8.547,9.765,0.611882,5000,Circle
2025-11-21 12:34:05.487,47.4024,8.547,9.768,0.613922,5000,Circle
2025-11-21 12:34:05.688,47.4024,8.547,9.768,0.616117,5000,Circle
2025-11-21 12:34:05.888,47.4024,8.547,9.768,0.620967,5000,Circle
2025-11-21 12:34:06.088,47.4024,8.547,9.77,0.614003,5000,Circle
2025-11-21 12:34:06.288,47.4024,8.547,9.77,0.61041,5000,Circle
2025-11-21 12:34:06.488,47.4024,8.54701,9.768,0.616928,5000,Circle
2025-11-21 12:34:06.689,47.4024,8.54701,9.769,0.623939,5000,Circle
2025-11-21 12:34:06.889,47.4024,8.54701,9.771,0.627694,5000,Circle
2025-11-21 12:34:07.089,47.4024,8.54701,9.773,0.644826,5000,Circle
2025-11-21 12:34:07.289,47.4024,8.54701,9.771,0.644127,5000,Circle
2025-11-21 12:34:07.489,47.4024,8.54701,9.765,0.644205,5000,Circle
2025-11-21 12:34:07.690,47.4024,8.54701,9.759,0.66242,5000,Circle
2025-11-21 12:34:07.890,47.4024,8.54702,9.756,0.658635,5000,Circle
2025-11-21 12:34:08.090,47.4024,8.54702,9.756,0.66888,5000,Circle
2025-11-21 12:34:08.290,47.4024,8.54702,9.759,0.679559,5000,Circle
2025-11-21 12:34:08.490,47.4024,8.54702,9.76,0.682422,5000,Circle
2025-11-21 12:34:08.690,47.4024,8.54702,9.761,0.688186,5000,Circle
2025-11-21 12:34:08.891,47.4024,8.54702,9.76,0.692026,5000,Circle
2025-11-21 12:34:09.091,47.4024,8.54703,9.76,0.69814,5000,Circle
2025-11-21 12:34:09.291,47.4024,8.54703,9.761,0.702922,5000,Circle
2025-11-21 12:34:09.491,47.4024,8.54703,9.764,0.701783,5000,Circle
2025-11-21 12:34:09.691,47.4024,8.54703,9.766,0.701783,5000,Circle
2025-11-21 12:34:09.891,47.4024,8.54703,9.767,0.700928,5000,Circle
2025-11-21 12:34:10.092,47.4024,8.54703,9.766,0.700928,5000,Circle
2025-11-21 12:34:10.292,47.4024,8.54703,9.766,0.707248,5000,Circle
2025-11-21 12:34:10.492,47.4024,8.54703,9.766,0.714213,5000,Circle
2025-11-21 12:34:10.692,47.4024,8.54704,9.765,0.721388,5000,Circle
2025-11-21 12:34:10.892,47.4024,8.54704,9.762,0.721803,5000,Circle
2025-11-21 12:34:11.093,47.4024,8.54704,9.759,0.736614,5000,Circle
2025-11-21 12:34:11.293,47.4024,8.54704,9.756,0.752861,5000,Circle
2025-11-21 12:34:11.493,47.4024,8.54704,9.753,0.768375,5000,Circle
2025-11-21 12:34:11.693,47.4024,8.54704,9.749,0.770065,5000,Circle
2025-11-21 12:34:11.893,47.4024,8.54704,9.747,0.772075,5000,Circle
2025-11-21 12:34:12.093,47.4023,8.54704,9.748,0.774274,5000,Circle
2025-11-21 12:34:12.293,47.4023,8.54705,9.751,0.776724,5000,Circle
2025-11-21 12:34:12.494,47.4023,8.54705,9.756,0.787718,5000,Circle
2025-11-21 12:34:12.694,47.4023,8.54705,9.759,0.80455,5000,Circle
2025-11-21 12:34:12.894,47.4023,8.54705,9.76,0.79925,5000,Circle
2025-11-21 12:34:13.094,47.4023,8.54705,9.76,0.788923,5000,Circle
2025-11-21 12:34:13.294,47.4023,8.54705,9.76,0.801311,5000,Circle
2025-11-21 12:34:13.495,47.4023,8.54705,9.76,0.814125,5000,Circle
2025-11-21 12:34:13.695,47.4023,8.54705,9.759,0.818413,5000,Circle
2025-11-21 12:34:13.895,47.4023,8.54706,9.757,0.822922,5000,Circle
2025-11-21 12:34:14.095,47.4023,8.54706,9.757,0.818596,5000,Circle
2025-11-21 12:34:14.295,47.4023,8.54706,9.757,0.814371,5000,Circle
2025-11-21 12:34:14.496,47.4023,8.54706,9.756,0.81939,5000,Circle
2025-11-21 12:34:14.696,47.4023,8.54706,9.754,0.815414,5000,Circle
2025-11-21 12:34:14.896,47.4023,8.54706,9.752,0.820792,5000,Circle
2025-11-21 12:34:15.096,47.4023,8.54706,9.752,0.8228,5000,Circle
2025-11-21 12:34:15.296,47.4023,8.54706,9.752,0.819329,5000,Circle
2025-11-21 12:34:15.496,47.4023,8.54706,9.754,0.825409,5000,Circle
2025-11-21 12:34:15.697,47.4023,8.54706,9.758,0.84119,5000,Circle
2025-11-21 12:34:15.897,47.4023,8.54706,9.763,0.847703,5000,Circle
2025-11-21 12:34:16.097,47.4023,8.54706,9.767,0.847703,5000,Circle
2025-11-21 12:34:16.297,47.4023,8.54706,9.768,0.844808,5000,Circle
2025-11-21 12:34:16.497,47.4023,8.54707,9.767,0.844808,5000,Circle
2025-11-21 12:34:16.697,47.4023,8.54707,9.766,0.842021,5000,Circle
2025-11-21 12:34:16.898,47.4023,8.54707,9.765,0.848999,5000,Circle
2025-11-21 12:34:17.098,47.4023,8.54707,9.762,0.856154,5000,Circle
2025-11-21 12:34:17.298,47.4023,8.54707,9.758,0.86122,5000,Circle
2025-11-21 12:34:17.498,47.4023,8.54707,9.755,0.866833,5000,Circle
2025-11-21 12:34:17.698,47.4023,8.54707,9.753,0.874757,5000,Circle
2025-11-21 12:34:17.899,47.4023,8.54707,9.751,0.882836,5000,Circle
2025-11-21 12:34:18.099,47.4023,8.54707,9.749,0.881192,5000,Circle
2025-11-21 12:34:18.299,47.4023,8.54707,9.749,0.889607,5000,Circle
2025-11-21 12:34:18.499,47.4023,8.54707,9.751,0.8882,5000,Circle
2025-11-21 12:34:18.700,47.4023,8.54707,9.754,0.885664,5000,Circle
2025-11-21 12:34:18.900,47.4023,8.54707,9.757,0.8956,5000,Circle
2025-11-21 12:34:19.100,47.4023,8.54707,9.758,0.904489,5000,Circle
2025-11-21 12:34:19.300,47.4023,8.54707,9.76,0.91351,5000,Circle
2025-11-21 12:34:19.500,47.4023,8.54707,9.762,0.912688,5000,Circle
2025-11-21 12:34:19.701,47.4023,8.54707,9.763,0.922659,5000,Circle
2025-11-21 12:34:19.901,47.4023,8.54707,9.764,0.921954,5000,Circle
2025-11-21 12:34:20.102,47.4023,8.54707,9.765,0.921954,5000,Circle
2025-11-21 12:34:20.302,47.4023,8.54707,9.766,0.941329,5000,Circle
2025-11-21 12:34:20.502,47.4023,8.54707,9.768,0.93086,5000,Circle
2025-11-21 12:34:20.702,47.4023,8.54707,9.771,0.920489,5000,Circle
2025-11-21 12:34:20.902,47.4023,8.54707,9.774,0.920109,5000,Circle
2025-11-21 12:34:21.103,47.4023,8.54707,9.776,0.910055,5000,Circle
2025-11-21 12:34:21.303,47.4023,8.54707,9.777,0.900111,5000,Circle
2025-11-21 12:34:21.503,47.4023,8.54707,9.778,0.900278,5000,Circle
2025-11-21 12:34:21.703,47.4023,8.54707,9.777,0.900555,5000,Circle
2025-11-21 12:34:21.903,47.4023,8.54707,9.775,0.900944,5000,Circle
2025-11-21 12:34:22.103,47.4023,8.54707,9.773,0.891459,5000,Circle
2025-11-21 12:34:22.304,47.4023,8.54707,9.772,0.892076,5000,Circle
2025-11-21 12:34:22.504,47.4023,8.54707,9.771,0.902773,5000,Circle
2025-11-21 12:34:22.704,47.4023,8.54707,9.771,0.903604,5000,Circle
2025-11-21 12:34:22.904,47.4023,8.54707,9.768,0.904544,5000,Circle
2025-11-21 12:34:23.104,47.4023,8.54707,9.763,0.915478,5000,Circle
2025-11-21 12:34:23.305,47.4023,8.54707,9.758,0.926553,5000,Circle
2025-11-21 12:34:23.505,47.4023,8.54707,9.753,0.90934,5000,Circle
2025-11-21 12:34:23.705,47.4023,8.54707,9.748,0.900944,5000,Circle
2025-11-21 12:34:23.905,47.4023,8.54707,9.745,0.902607,5000,Circle
2025-11-21 12:34:24.106,47.4023,8.54707,9.745,0.906146,5000,Circle
2025-11-21 12:34:24.306,47.4023,8.54707,9.748,0.898276,5000,Circle
2025-11-21 12:34:24.506,47.4023,8.54707,9.751,0.871034,5000,Circle
2025-11-21 12:34:24.706,47.4023,8.54707,9.754,0.870976,5000,Circle
2025-11-21 12:34:24.907,47.4023,8.54707,9.755,0.863481,5000,Circle
2025-11-21 12:34:25.107,47.4023,8.54707,9.755,0.848999,5000,Circle
2025-11-21 12:34:25.307,47.4023,8.54707,9.756,0.8544,5000,Circle
2025-11-21 12:34:25.507,47.4022,8.54707,9.755,0.860233,5000,Circle
2025-11-21 12:34:25.707,47.4022,8.54707,9.755,0.853815,5000,Circle
2025-11-21 12:34:25.908,47.4022,8.54706,9.756,0.838153,5000,Circle
2025-11-21 12:34:26.108,47.4022,8.54706,9.757,0.860349,5000,Circle
2025-11-21 12:34:26.308,47.4022,8.54706,9.758,0.867295,5000,Circle
2025-11-21 12:34:26.508,47.4022,8.54706,9.759,0.857963,5000,Circle
2025-11-21 12:34:26.708,47.4022,8.54706,9.761,0.870919,5000,Circle
2025-11-21 12:34:26.909,47.4022,8.54706,9.761,0.870919,5000,Circle
2025-11-21 12:34:27.109,47.4022,8.54706,9.759,0.84309,5000,Circle
2025-11-21 12:34:27.309,47.4022,8.54706,9.758,0.84309,5000,Circle
2025-11-21 12:34:27.509,47.4022,8.54706,9.757,0.846936,5000,Square
2025-11-21 12:34:27.709,47.4022,8.54706,9.756,0.81939,5000,Square
2025-11-21 12:34:27.910,47.4022,8.54706,9.758,0.631427,5000,Square
2025-11-21 12:34:28.110,47.4022,8.54706,9.765,0.253772,5000,Square
2025-11-21 12:34:28.310,47.4022,8.54706,9.767,0.2,5000,Square
2025-11-21 12:34:28.510,47.4022,8.54706,9.762,0.559375,5000,Square
2025-11-21 12:34:28.710,47.4022,8.54706,9.754,0.779038,5000,Square
2025-11-21 12:34:28.911,47.4022,8.54706,9.75,0.754321,5000,Square
2025-11-21 12:34:29.111,47.4022,8.54706,9.753,0.538609,5000,Square
2025-11-21 12:34:29.311,47.4022,8.54706,9.757,0.228473,5000,Square
2025-11-21 12:34:29.511,47.4022,8.54706,9.756,0.0565685,5000,Square
2025-11-21 12:34:29.711,47.4022,8.54706,9.753,0.22,5000,Square
2025-11-21 12:34:29.912,47.4022,8.54706,9.755,0.291376,5000,Square
2025-11-21 12:34:30.112,47.4022,8.54706,9.757,0.411096,5000,Square
2025-11-21 12:34:30.312,47.4022,8.54706,9.754,0.551634,5000,Square
2025-11-21 12:34:30.512,47.4022,8.54706,9.75,0.566127,5000,Square
2025-11-21 12:34:30.713,47.4022,8.54706,9.751,0.52345,5000,Square
2025-11-21 12:34:30.913,47.4022,8.54706,9.756,0.568683,5000,Square
2025-11-21 12:34:31.113,47.4022,8.54707,9.761,0.686221,5000,Square
2025-11-21 12:34:31.313,47.4022,8.54707,9.762,0.747329,5000,Square
2025-11-21 12:34:31.513,47.4022,8.54707,9.765,0.674463,5000,Square
2025-11-21 12:34:31.714,47.4022,8.54707,9.769,0.478853,5000,Square
2025-11-21 12:34:31.914,47.4022,8.54707,9.77,0.261725,5000,Square
2025-11-21 12:34:32.114,47.4022,8.54707,9.774,0.1,5000,Square
2025-11-21 12:34:32.314,47.4022,8.54707,9.775,0.381051,5000,Square
2025-11-21 12:34:32.514,47.4022,8.54707,9.772,0.570438,5000,Square
2025-11-21 12:34:32.715,47.4022,8.54707,9.769,0.584294,5000,Square
2025-11-21 12:34:32.915,47.4022,8.54707,9.768,0.5005,5000,Square
2025-11-21 12:34:33.115,47.4022,8.54706,9.766,0.396358,5000,Square
2025-11-21 12:34:33.315,47.4022,8.54706,9.768,0.224722,5000,Square
2025-11-21 12:34:33.515,47.4022,8.54706,9.774,0.0707107,5000,Square
2025-11-21 12:34:33.715,47.4022,8.54707,9.779,0.430232,5000,Square
2025-11-21 12:34:33.916,47.4022,8.54707,9.776,0.700643,5000,Square
2025-11-21 12:34:34.116,47.4022,8.54707,9.772,0.791075,5000,Square
2025-11-21 12:34:34.316,47.4022,8.54707,9.769,0.722842,5000,Square
2025-11-21 12:34:34.516,47.4022,8.54707,9.764,0.622495,5000,Square
2025-11-21 12:34:34.717,47.4022,8.54707,9.763,0.43382,5000,Square
2025-11-21 12:34:34.917,47.4022,8.54707,9.761,0.214009,5000,Square
2025-11-21 12:34:35.117,47.4022,8.54707,9.759,0.180278,5000,Square
2025-11-21 12:34:35.317,47.4022,8.54707,9.757,0.280713,5000,Square
2025-11-21 12:34:35.517,47.4022,8.54707,9.756,0.308707,5000,Square
2025-11-21 12:34:35.717,47.4022,8.54707,9.755,0.262488,5000,Square
2025-11-21 12:34:35.918,47.4022,8.54708,9.756,0.254951,5000,Square
2025-11-21 12:34:36.118,47.4022,8.54708,9.763,0.383014,5000,Square
2025-11-21 12:34:36.318,47.4022,8.54708,9.766,0.572014,5000,Square
2025-11-21 12:34:36.518,47.4022,8.54708,9.763,0.684544,5000,Square
2025-11-21 12:34:36.719,47.4022,8.54708,9.759,0.68542,5000,Square
2025-11-21 12:34:36.919,47.4022,8.54708,9.759,0.704911,5000,Square
2025-11-21 12:34:37.119,47.4022,8.54708,9.758,0.786003,5000,Square
2025-11-21 12:34:37.319,47.4022,8.54709,9.757,0.8,5000,Square
2025-11-21 12:34:37.519,47.4022,8.54709,9.757,0.68775,5000,Square
2025-11-21 12:34:37.719,47.4023,8.54709,9.756,0.615873,5000,Square
2025-11-21 12:34:37.920,47.4023,8.54709,9.751,0.715122,5000,Square
2025-11-21 12:34:38.120,47.4023,8.54709,9.745,0.785493,5000,Square
2025-11-21 12:34:38.320,47.4023,8.54709,9.741,0.73171,5000,Square
2025-11-21 12:34:38.520,47.4023,8.54709,9.739,0.720625,5000,Square
2025-11-21 12:34:38.720,47.4023,8.54709,9.741,0.822253,5000,Square
2025-11-21 12:34:38.921,47.4023,8.54709,9.744,0.934131,5000,Square
2025-11-21 12:34:39.121,47.4023,8.54709,9.746,0.927092,5000,Square
2025-11-21 12:34:39.321,47.4023,8.54709,9.747,0.86931,5000,Square
2025-11-21 12:34:39.521,47.4023,8.54709,9.748,0.908075,5000,Square
2025-11-21 12:34:39.721,47.4023,8.54709,9.748,1.00578,5000,Square
2025-11-21 12:34:39.922,47.4023,8.5471,9.749,1.01769,5000,Square
2025-11-21 12:34:40.122,47.4023,8.5471,9.751,0.941594,5000,Square
2025-11-21 12:34:40.322,47.4023,8.5471,9.754,0.914877,5000,Square
2025-11-21 12:34:40.522,47.4023,8.5471,9.758,1.02181,5000,Square
2025-11-21 12:34:40.722,47.4023,8.5471,9.76,1.10603,5000,Square
2025-11-21 12:34:40.922,47.4023,8.5471,9.763,1.08812,5000,Square
2025-11-21 12:34:41.123,47.4023,8.5471,9.768,1.08259,5000,Square
2025-11-21 12:34:41.323,47.4023,8.5471,9.774,1.19708,5000,Square
2025-11-21 12:34:41.523,47.4023,8.5471,9.777,1.31255,5000,Square
2025-11-21 12:34:41.723,47.4023,8.5471,9.778,1.32034,5000,Square
2025-11-21 12:34:41.923,47.4023,8.5471,9.78,1.2888,5000,Square
2025-11-21 12:34:42.124,47.4023,8.5471,9.781,1.35019,5000,Square
2025-11-21 12:34:42.324,47.4023,8.5471,9.777,1.42014,5000,Square
2025-11-21 12:34:42.524,47.4023,8.5471,9.771,1.37095,5000,Square
2025-11-21 12:34:42.724,47.4023,8.5471,9.768,1.25004,5000,Square
2025-11-21 12:34:42.924,47.4023,8.5471,9.765,1.22695,5000,Square
2025-11-21 12:34:43.125,47.4023,8.5471,9.762,1.24784,5000,Square
2025-11-21 12:34:43.325,47.4023,8.5471,9.759,1.18089,5000,Square
2025-11-21 12:34:43.525,47.4023,8.5471,9.758,0.988585,5000,Square
2025-11-21 12:34:43.725,47.4023,8.5471,9.757,0.858662,5000,Square
2025-11-21 12:34:43.925,47.4023,8.5471,9.755,0.85235,5000,Square
2025-11-21 12:34:44.126,47.4023,8.5471,9.754,0.809938,5000,Square
2025-11-21 12:34:44.326,47.4023,8.5471,9.758,0.623057,5000,Square
2025-11-21 12:34:44.526,47.4023,8.5471,9.759,0.466476,5000,Square
2025-11-21 12:34:44.726,47.4023,8.5471,9.758,0.45607,5000,Square
2025-11-21 12:34:44.927,47.4023,8.5471,9.757,0.43909,5000,Square
2025-11-21 12:34:45.127,47.4023,8.54709,9.762,0.298496,5000,Square
2025-11-21 12:34:45.327,47.4023,8.54709,9.768,0.319061,5000,Square
2025-11-21 12:34:45.527,47.4023,8.54709,9.769,0.51672,5000,Square
2025-11-21 12:34:45.727,47.4023,8.54709,9.769,0.61563,5000,Square
2025-11-21 12:34:45.927,47.4023,8.54709,9.77,0.662193,5000,Square
2025-11-21 12:34:46.128,47.4023,8.54709,9.773,0.822922,5000,Square
2025-11-21 12:34:46.328,47.4023,8.54709,9.773,1.05209,5000,Square
2025-11-21 12:34:46.528,47.4023,8.54709,9.769,1.1729,5000,Square
2025-11-21 12:34:46.728,47.4023,8.54709,9.768,1.20487,5000,Square
2025-11-21 12:34:46.928,47.4023,8.54709,9.771,1.33004,5000,Square
2025-11-21 12:34:47.129,47.4023,8.54709,9.77,1.54058,5000,Square
2025-11-21 12:34:47.329,47.4023,8.54708,9.765,1.66343,5000,Square
2025-11-21 12:34:47.529,47.4023,8.54708,9.763,1.7066,5000,Square
2025-11-21 12:34:47.729,47.4023,8.54708,9.766,1.81011,5000,Square
2025-11-21 12:34:47.930,47.4023,8.54708,9.766,1.9857,5000,Square
2025-11-21 12:34:48.130,47.4023,8.54709,9.762,2.0762,5000,Square
2025-11-21 12:34:48.330,47.4023,8.54709,9.758,2.04883,5000,Square
2025-11-21 12:34:48.530,47.4023,8.54709,9.759,2.04198,5000,Square
2025-11-21 12:34:48.730,47.4023,8.54709,9.759,2.09807,5000,Square
2025-11-21 12:34:48.930,47.4023,8.54709,9.759,2.0824,5000,Square
2025-11-21 12:34:49.131,47.4023,8.54709,9.761,1.93879,5000,Square
2025-11-21 12:34:49.331,47.4023,8.54709,9.764,1.77924,5000,Square
2025-11-21 12:34:49.531,47.4023,8.54709,9.764,1.76142,5000,Square
2025-11-21 12:34:49.731,47.4023,8.5471,9.76,1.76468,5000,Square
2025-11-21 12:34:49.932,47.4023,8.5471,9.757,1.6261,5000,Square
2025-11-21 12:34:50.132,47.4023,8.5471,9.756,1.44499,5000,Square
2025-11-21 12:34:50.332,47.4023,8.54711,9.752,1.41834,5000,Square
2025-11-21 12:34:50.532,47.4023,8.54711,9.744,1.47597,5000,Square
2025-11-21 12:34:50.732,47.4022,8.54711,9.741,1.40029,5000,Square
2025-11-21 12:34:50.932,47.4022,8.54712,9.745,1.2032,5000,Square
2025-11-21 12:34:51.132,47.4022,8.54712,9.746,1.08019,5000,Square
2025-11-21 12:34:51.333,47.4022,8.54712,9.743,1.0171,5000,Square
2025-11-21 12:34:51.533,47.4022,8.54712,9.745,0.8882,5000,Square
2025-11-21 12:34:51.733,47.4022,8.54713,9.754,0.715122,5000,Square
2025-11-21 12:34:51.933,47.4023,8.54713,9.757,0.774726,5000,Square
2025-11-21 12:34:52.133,47.4023,8.54713,9.752,0.929139,5000,Square
2025-11-21 12:34:52.333,47.4023,8.54713,9.752,1.03436,5000,Square
2025-11-21 12:34:52.534,47.4023,8.54713,9.757,1.23373,5000,Square
2025-11-21 12:34:52.734,47.4023,8.54712,9.756,1.45829,5000,Square
2025-11-21 12:34:52.934,47.4023,8.54712,9.753,1.54548,5000,Square
2025-11-21 12:34:53.134,47.4023,8.54712,9.757,1.514,5000,Square
2025-11-21 12:34:53.334,47.4023,8.54712,9.761,1.52899,5000,Square
2025-11-21 12:34:53.534,47.4023,8.54711,9.765,1.60552,5000,Square
2025-11-21 12:34:53.735,47.4023,8.54711,9.768,1.61725,5000,Square
2025-11-21 12:34:53.935,47.4023,8.54711,9.768,1.51651,5000,Square
2025-11-21 12:34:54.135,47.4023,8.54711,9.767,1.45348,5000,Square
2025-11-21 12:34:54.335,47.4023,8.54711,9.765,1.51427,5000,Square
2025-11-21 12:34:54.535,47.4023,8.5471,9.766,1.56975,5000,Square
2025-11-21 12:34:54.735,47.4023,8.5471,9.769,1.51242,5000,Square
2025-11-21 12:34:54.936,47.4023,8.5471,9.771,1.44271,5000,Square
2025-11-21 12:34:55.136,47.4023,8.5471,9.774,1.47204,5000,Square
2025-11-21 12:34:55.336,47.4023,8.54709,9.775,1.5624,5000,Square
2025-11-21 12:34:55.536,47.4023,8.54709,9.773,1.53838,5000,Square
2025-11-21 12:34:55.736,47.4023,8.54709,9.77,1.38669,5000,Square
2025-11-21 12:34:55.937,47.4023,8.54709,9.767,1.29773,5000,Square
2025-11-21 12:34:56.137,47.4023,8.54709,9.763,1.30648,5000,Square
2025-11-21 12:34:56.337,47.4023,8.54709,9.76,1.24085,5000,Square
2025-11-21 12:34:56.537,47.4023,8.54708,9.757,1.0565,5000,Square
2025-11-21 12:34:56.737,47.4023,8.54708,9.754,0.864002,5000,Square
2025-11-21 12:34:56.937,47.4023,8.54708,9.75,0.787718,5000,Square
2025-11-21 12:34:57.138,47.4023,8.54708,9.749,0.765441,5000,Square
2025-11-21 12:34:57.338,47.4023,8.54708,9.749,0.664906,5000,Square
2025-11-21 12:34:57.538,47.4023,8.54708,9.75,0.480104,5000,Square
2025-11-21 12:34:57.738,47.4023,8.54708,9.749,0.36,5000,Square
2025-11-21 12:34:57.938,47.4023,8.54708,9.75,0.360139,5000,Square
2025-11-21 12:34:58.139,47.4023,8.54708,9.752,0.367015,5000,Square
2025-11-21 12:34:58.339,47.4023,8.54708,9.753,0.332566,5000,Square
2025-11-21 12:34:58.539,47.4023,8.54708,9.753,0.247386,5000,Square
2025-11-21 12:34:58.739,47.4023,8.54708,9.753,0.18,5000,Square
2025-11-21 12:34:58.939,47.4023,8.54708,9.755,0.220227,5000,Square
2025-11-21 12:34:59.139,47.4023,8.54708,9.759,0.376563,5000,Square
2025-11-21 12:34:59.339,47.4023,8.54708,9.762,0.510392,5000,Square
2025-11-21 12:34:59.540,47.4023,8.54709,9.762,0.54461,5000,Square
2025-11-21 12:34:59.740,47.4023,8.54709,9.761,0.565685,5000,Square
2025-11-21 12:34:59.940,47.4023,8.54709,9.763,0.687677,5000,Square
2025-11-21 12:35:00.141,47.4023,8.54709,9.764,0.86267,5000,Square
2025-11-21 12:35:00.341,47.4023,8.54709,9.762,0.928062,5000,Square
2025-11-21 12:35:00.541,47.4023,8.54709,9.76,0.898721,5000,Square
2025-11-21 12:35:00.741,47.4023,8.54709,9.76,0.954254,5000,Square
2025-11-21 12:35:00.941,47.4023,8.54709,9.762,1.12929,5000,Square
2025-11-21 12:35:01.141,47.4023,8.5471,9.762,1.2381,5000,Square
2025-11-21 12:35:01.342,47.4023,8.5471,9.76,1.26479,5000,Square
2025-11-21 12:35:01.542,47.4023,8.5471,9.762,1.2764,5000,Square
2025-11-21 12:35:01.742,47.4023,8.5471,9.766,1.41209,5000,Square
2025-11-21 12:35:01.942,47.4023,8.5471,9.767,1.54768,5000,Square
2025-11-21 12:35:02.142,47.4023,8.54711,9.764,1.57547,5000,Square
2025-11-21 12:35:02.342,47.4023,8.54711,9.759,1.55184,5000,Square
2025-11-21 12:35:02.543,47.4023,8.54711,9.758,1.60103,5000,Square
2025-11-21 12:35:02.743,47.4023,8.54711,9.756,1.69496,5000,Square
2025-11-21 12:35:02.943,47.4023,8.54711,9.754,1.68467,5000,Square
2025-11-21 12:35:03.143,47.4023,8.54712,9.753,1.56732,5000,Square
2025-11-21 12:35:03.343,47.4023,8.54712,9.754,1.47733,5000,Square
2025-11-21 12:35:03.544,47.4023,8.54712,9.753,1.48486,5000,Square
2025-11-21 12:35:03.744,47.4023,8.54712,9.752,1.43126,5000,Square
2025-11-21 12:35:03.944,47.4023,8.54712,9.754,1.23895,5000,Square
2025-11-21 12:35:04.144,47.4023,8.54712,9.755,1.03465,5000,Square
2025-11-21 12:35:04.344,47.4023,8.54713,9.754,0.95268,5000,Square
2025-11-21 12:35:04.544,47.4023,8.54713,9.755,0.876242,5000,Square
2025-11-21 12:35:04.745,47.4023,8.54713,9.759,0.677495,5000,Square
2025-11-21 12:35:04.945,47.4023,8.54713,9.762,0.420595,5000,Square
2025-11-21 12:35:05.145,47.4023,8.54713,9.76,0.268887,5000,Square
2025-11-21 12:35:05.345,47.4023,8.54713,9.76,0.236008,5000,Square
2025-11-21 12:35:05.545,47.4023,8.54713,9.764,0.1,5000,Square
2025-11-21 12:35:05.746,47.4023,8.54713,9.768,0.0848528,5000,Square
2025-11-21 12:35:05.946,47.4023,8.54713,9.767,0.265895,5000,Square
2025-11-21 12:35:06.146,47.4023,8.54713,9.763,0.355246,5000,Square
2025-11-21 12:35:06.346,47.4023,8.54713,9.762,0.408044,5000,Square
2025-11-21 12:35:06.546,47.4023,8.54713,9.762,0.577148,5000,Square
2025-11-21 12:35:06.747,47.4023,8.54713,9.76,0.792023,5000,Square
2025-11-21 12:35:06.947,47.4023,8.54713,9.757,0.926553,5000,Square
2025-11-21 12:35:07.147,47.4023,8.54713,9.759,0.97719,5000,Square
2025-11-21 12:35:07.347,47.4023,8.54713,9.763,1.09385,5000,Square
2025-11-21 12:35:07.547,47.4023,8.54712,9.766,1.23883,5000,Square
2025-11-21 12:35:07.748,47.4023,8.54712,9.766,1.26578,5000,Square
2025-11-21 12:35:07.948,47.4023,8.54712,9.767,1.1673,5000,Square
2025-11-21 12:35:08.148,47.4023,8.54712,9.768,1.11517,5000,Square
2025-11-21 12:35:08.348,47.4023,8.54712,9.767,1.19808,5000,Square
2025-11-21 12:35:08.548,47.4023,8.54712,9.766,1.27205,5000,Square
2025-11-21 12:35:08.748,47.4023,8.54712,9.764,1.24036,5000,Square
2025-11-21 12:35:08.949,47.4023,8.54711,9.763,1.21659,5000,Square
2025-11-21 12:35:09.149,47.4023,8.54711,9.765,1.32322,5000,Square
2025-11-21 12:35:09.349,47.4023,8.54711,9.765,1.45836,5000,Square
2025-11-21 12:35:09.549,47.4023,8.54711,9.763,1.4776,5000,Square
2025-11-21 12:35:09.749,47.4023,8.5471,9.761,1.43402,5000,Square
2025-11-21 12:35:09.949,47.4023,8.5471,9.762,1.486,5000,Square
2025-11-21 12:35:10.150,47.4023,8.5471,9.762,1.57137,5000,Square
2025-11-21 12:35:10.350,47.4023,8.5471,9.761,1.54932,5000,Square
2025-11-21 12:35:10.550,47.4023,8.54709,9.761,1.41032,5000,Square
2025-11-21 12:35:10.750,47.4023,8.54709,9.76,1.29634,5000,Square
2025-11-21 12:35:10.950,47.4023,8.54709,9.759,1.28004,5000,Square
2025-11-21 12:35:11.151,47.4023,8.54709,9.761,1.1967,5000,Square
2025-11-21 12:35:11.351,47.4023,8.54708,9.766,0.974526,5000,Square
2025-11-21 12:35:11.551,47.4023,8.54708,9.768,0.736003,5000,Square
2025-11-21 12:35:11.751,47.4023,8.54708,9.765,0.650077,5000,Square
2025-11-21 12:35:11.951,47.4023,8.54708,9.762,0.60803,5000,Square
2025-11-21 12:35:12.152,47.4023,8.54708,9.762,0.440454,5000,None
2025-11-21 12:35:12.352,47.4023,8.54708,9.765,0.212838,5000,None
2025-11-21 12:35:12.552,47.4023,8.54708,9.775,0.37054,5000,None
2025-11-21 12:35:12.752,47.4023,8.54708,9.789,0.90846,5000,None
2025-11-21 12:35:12.952,47.4023,8.54708,9.796,1.54153,5000,None
2025-11-21 12:35:13.152,47.4023,8.54708,9.795,2.17892,5000,None
2025-11-21 12:35:13.352,47.4023,8.54707,9.788,2.76407,5000,None
2025-11-21 12:35:13.553,47.4023,8.54707,9.778,3.1882,5000,None
2025-11-21 12:35:13.753,47.4023,8.54707,9.77,3.41991,5000,None
2025-11-21 12:35:13.953,47.4023,8.54707,9.764,3.48541,5000,None
2025-11-21 12:35:14.153,47.4023,8.54707,9.763,3.37877,5000,None
2025-11-21 12:35:14.353,47.4023,8.54707,9.765,3.10281,5000,None
2025-11-21 12:35:14.554,47.4023,8.54707,9.772,2.67015,5000,None
2025-11-21 12:35:14.754,47.4023,8.54706,9.776,2.12078,5000,None
2025-11-21 12:35:14.954,47.4023,8.54706,9.771,1.59276,5000,None
2025-11-21 12:35:15.154,47.4022,8.54706,9.762,1.20607,5000,None
2025-11-21 12:35:15.354,47.4022,8.54706,9.755,0.874128,5000,None
2025-11-21 12:35:15.554,47.4022,8.54706,9.751,0.674537,5000,None
2025-11-21 12:35:15.755,47.4022,8.54706,9.751,0.584637,5000,None
2025-11-21 12:35:15.955,47.4022,8.54706,9.751,0.557315,5000,None
2025-11-21 12:35:16.155,47.4022,8.54706,9.753,0.575587,5000,None
2025-11-21 12:35:16.355,47.4022,8.54706,9.756,0.584209,5000,None
2025-11-21 12:35:16.555,47.4022,8.54706,9.758,0.574282,5000,None
2025-11-21 12:35:16.756,47.4022,8.54706,9.759,0.554437,5000,None
2025-11-21 12:35:16.956,47.4022,8.54706,9.758,0.504876,5000,None
2025-11-21 12:35:17.156,47.4022,8.54706,9.759,0.453982,5000,None
2025-11-21 12:35:17.356,47.4022,8.54706,9.761,0.383275,5000,None
2025-11-21 12:35:17.556,47.4022,8.54706,9.762,0.31257,5000,None
2025-11-21 12:35:17.757,47.4022,8.54706,9.759,0.241868,5000,None
2025-11-21 12:35:17.957,47.4022,8.54706,9.757,0.171172,5000,None
2025-11-21 12:35:18.157,47.4022,8.54706,9.756,0.131529,5000,None
2025-11-21 12:35:18.357,47.4022,8.54706,9.753,0.0905538,5000,None
2025-11-21 12:35:18.557,47.4022,8.54706,9.75,0.0608276,5000,None
2025-11-21 12:35:18.758,47.4022,8.54706,9.749,0.0412311,5000,None
2025-11-21 12:35:18.958,47.4022,8.54706,9.748,0.03,5000,Manual
2025-11-21 12:35:19.158,47.4022,8.54706,9.747,0.02,5000,Manual
2025-11-21 12:35:19.358,47.4022,8.54706,9.747,0.0244949,5000,Manual
2025-11-21 12:35:19.558,47.4022,8.54706,9.749,0.0223607,5000,Manual
2025-11-21 12:35:19.758,47.4022,8.54706,9.751,0.0141421,5000,Manual
2025-11-21 12:35:19.958,47.4022,8.54706,9.751,0.0141421,5000,Manual
2025-11-21 12:35:20.159,47.4022,8.54706,9.751,0.01,5000,Manual
2025-11-21 12:35:20.359,47.4022,8.54706,9.75,0,5000,Manual
2025-11-21 12:35:20.559,47.4022,8.54706,9.751,0.01,5000,Manual
2025-11-21 12:35:20.759,47.4022,8.54706,9.752,0.02,5000,Manual
2025-11-21 12:35:20.959,47.4022,8.54706,9.754,0.0223607,5000,Manual
2025-11-21 12:35:21.159,47.4022,8.54706,9.751,0.0469042,5000,Manual
2025-11-21 12:35:21.360,47.4022,8.54706,9.741,0.148661,5000,Manual
2025-11-21 12:35:21.560,47.4022,8.54706,9.729,0.417373,5000,Manual
2025-11-21 12:35:21.760,47.4022,8.54706,9.718,0.803119,5000,Manual
2025-11-21 12:35:21.960,47.4022,8.54706,9.71,1.3918,5000,Manual
2025-11-21 12:35:22.161,47.4022,8.54707,9.697,2.0222,5000,Manual
2025-11-21 12:35:22.361,47.4022,8.54708,9.675,2.59357,5000,Manual
2025-11-21 12:35:22.561,47.4022,8.54708,9.645,3.00353,5000,Manual
2025-11-21 12:35:22.761,47.4022,8.54709,9.619,3.21249,5000,Manual
2025-11-21 12:35:22.961,47.4022,8.5471,9.598,3.2218,5000,Manual
2025-11-21 12:35:23.161,47.4022,8.54711,9.585,3.07094,5000,Manual
2025-11-21 12:35:23.362,47.4022,8.54712,9.577,2.74053,5000,Manual
2025-11-21 12:35:23.562,47.4022,8.54712,9.575,2.26029,5000,Manual
2025-11-21 12:35:23.762,47.4022,8.54713,9.571,1.70109,5000,Manual
2025-11-21 12:35:23.962,47.4022,8.54713,9.56,1.20271,5000,Manual
2025-11-21 12:35:24.162,47.4022,8.54713,9.546,0.833007,5000,Manual
2025-11-21 12:35:24.362,47.4022,8.54713,9.532,0.612046,5000,Manual
2025-11-21 12:35:24.563,47.4022,8.54713,9.522,0.510392,5000,Manual
2025-11-21 12:35:24.763,47.4022,8.54713,9.517,0.490408,5000,Manual
2025-11-21 12:35:24.963,47.4022,8.54714,9.511,0.510196,5000,Manual
2025-11-21 12:35:25.163,47.4022,8.54714,9.506,0.530094,5000,Manual
2025-11-21 12:35:25.363,47.4022,8.54714,9.504,0.530094,5000,Manual
2025-11-21 12:35:25.563,47.4022,8.54714,9.503,0.51,5000,Manual
2025-11-21 12:35:25.764,47.4022,8.54714,9.502,0.48,5000,Manual
2025-11-21 12:35:25.964,47.4022,8.54714,9.502,0.42,5000,Manual
2025-11-21 12:35:26.165,47.4022,8.54714,9.502,0.36,5000,Manual
2025-11-21 12:35:26.365,47.4022,8.54715,9.502,0.3,5000,Manual
2025-11-21 12:35:26.565,47.4022,8.54715,9.503,0.24,5000,Manual
2025-11-21 12:35:26.765,47.4022,8.54715,9.502,0.19,5000,Manual
2025-11-21 12:35:26.965,47.4022,8.54715,9.502,0.13,5000,Manual
2025-11-21 12:35:27.166,47.4022,8.54715,9.504,0.09,5000,Manual
2025-11-21 12:35:27.366,47.4022,8.54715,9.506,0.06,5000,Manual
2025-11-21 12:35:27.566,47.4022,8.54715,9.507,0.03,5000,None
2025-11-21 12:35:27.766,47.4022,8.54715,9.509,0.01,5000,None
2025-11-21 12:35:27.966,47.4022,8.54715,9.511,0,5000,None
2025-11-21 12:35:28.167,47.4022,8.54715,9.513,0.01,5000,None
2025-11-21 12:35:28.367,47.4022,8.54715,9.515,0.02,5000,None
2025-11-21 12:35:28.567,47.4022,8.54715,9.518,0.02,5000,None
2025-11-21 12:35:28.767,47.4022,8.54715,9.52,0.0223607,5000,None
2025-11-21 12:35:28.967,47.4022,8.54715,9.524,0.0223607,5000,None
2025-11-21 12:35:29.167,47.4022,8.54715,9.527,0.0316228,5000,None
2025-11-21 12:35:29.368,47.4022,8.54715,9.528,0.0360555,5000,None
2025-11-21 12:35:29.568,47.4022,8.54715,9.529,0.0360555,5000,None
2025-11-21 12:35:29.768,47.4022,8.54715,9.529,0.0360555,5000,None
2025-11-21 12:35:29.968,47.4022,8.54715,9.528,0.0244949,5000,Square
2025-11-21 12:35:30.168,47.4022,8.54715,9.528,0.0223607,5000,Square
2025-11-21 12:35:30.368,47.4022,8.54715,9.531,0.194165,5000,Square
2025-11-21 12:35:30.569,47.4022,8.54715,9.544,0.532916,5000,Square
2025-11-21 12:35:30.769,47.4022,8.54715,9.556,0.938616,5000,Square
2025-11-21 12:35:30.969,47.4022,8.54715,9.562,1.264,5000,Square
2025-11-21 12:35:31.169,47.4022,8.54715,9.563,1.39032,5000,Square
2025-11-21 12:35:31.369,47.4022,8.54716,9.567,1.42049,5000,Square
2025-11-21 12:35:31.570,47.4022,8.54716,9.579,1.50097,5000,Square
2025-11-21 12:35:31.770,47.4022,8.54716,9.596,1.63481,5000,Square
2025-11-21 12:35:31.970,47.4022,8.54717,9.604,1.73338,5000,Square
2025-11-21 12:35:32.170,47.4023,8.54717,9.605,1.74909,5000,Square
2025-11-21 12:35:32.370,47.4023,8.54717,9.609,1.63221,5000,Square
2025-11-21 12:35:32.570,47.4023,8.54718,9.618,1.39549,5000,Square
2025-11-21 12:35:32.771,47.4023,8.54718,9.63,1.052,5000,Square
2025-11-21 12:35:32.971,47.4023,8.54718,9.637,0.6995,5000,Square
2025-11-21 12:35:33.171,47.4023,8.54718,9.641,0.4272,5000,Square
2025-11-21 12:35:33.371,47.4023,8.54718,9.644,0.394208,5000,Square
2025-11-21 12:35:33.571,47.4023,8.54718,9.649,0.355668,5000,Square
2025-11-21 12:35:33.772,47.4023,8.54718,9.652,0.264386,5000,Square
2025-11-21 12:35:33.972,47.4023,8.54718,9.656,0.244336,5000,Square
2025-11-21 12:35:34.172,47.4023,8.54718,9.664,0.336749,5000,Square
2025-11-21 12:35:34.372,47.4023,8.54719,9.673,0.432897,5000,Square
2025-11-21 12:35:34.572,47.4023,8.54719,9.68,0.443847,5000,Square
2025-11-21 12:35:34.773,47.4023,8.54719,9.685,0.383797,5000,Square
2025-11-21 12:35:34.973,47.4023,8.54719,9.692,0.361801,5000,Square
2025-11-21 12:35:35.173,47.4023,8.54719,9.703,0.435201,5000,Square
2025-11-21 12:35:35.373,47.4023,8.54719,9.712,0.520384,5000,Square
2025-11-21 12:35:35.573,47.4023,8.54719,9.717,0.490714,5000,Square
2025-11-21 12:35:35.773,47.4023,8.54719,9.722,0.406571,5000,Square
2025-11-21 12:35:35.974,47.4023,8.54719,9.728,0.420476,5000,Square
2025-11-21 12:35:36.174,47.4023,8.5472,9.733,0.501298,5000,Square
2025-11-21 12:35:36.374,47.4023,8.5472,9.736,0.524309,5000,Square
2025-11-21 12:35:36.574,47.4023,8.5472,9.739,0.434626,5000,Square
2025-11-21 12:35:36.774,47.4023,8.5472,9.742,0.390512,5000,Square
2025-11-21 12:35:36.975,47.4023,8.5472,9.746,0.483011,5000,Square
2025-11-21 12:35:37.175,47.4023,8.5472,9.748,0.530189,5000,Square
2025-11-21 12:35:37.375,47.4023,8.5472,9.749,0.460543,5000,Square
2025-11-21 12:35:37.575,47.4023,8.5472,9.75,0.411582,5000,Square
2025-11-21 12:35:37.775,47.4023,8.54721,9.752,0.501298,5000,Square
2025-11-21 12:35:37.975,47.4023,8.54721,9.755,0.577061,5000,Square
2025-11-21 12:35:38.176,47.4023,8.54721,9.757,0.550454,5000,Square
2025-11-21 12:35:38.376,47.4023,8.54721,9.763,0.508134,5000,Square
2025-11-21 12:35:38.576,47.4023,8.54721,9.769,0.608276,5000,Square
2025-11-21 12:35:38.776,47.4023,8.54721,9.771,0.68593,5000,Square
2025-11-21 12:35:38.976,47.4023,8.54721,9.773,0.636396,5000,Square
2025-11-21 12:35:39.177,47.4023,8.54721,9.776,0.552268,5000,Square
2025-11-21 12:35:39.377,47.4023,8.54721,9.777,0.600916,5000,Square
2025-11-21 12:35:39.577,47.4023,8.54721,9.775,0.683374,5000,Square
2025-11-21 12:35:39.777,47.4023,8.54722,9.774,0.645213,5000,Square
2025-11-21 12:35:39.977,47.4023,8.54722,9.773,0.585491,5000,Square
2025-11-21 12:35:40.178,47.4023,8.54722,9.771,0.663777,5000,Square
2025-11-21 12:35:40.378,47.4023,8.54722,9.765,0.767984,5000,Square
2025-11-21 12:35:40.578,47.4023,8.54721,9.759,0.746726,5000,Square
2025-11-21 12:35:40.778,47.4023,8.54721,9.756,0.706116,5000,Square
2025-11-21 12:35:40.978,47.4023,8.54721,9.753,0.796492,5000,Square
2025-11-21 12:35:41.178,47.4023,8.54721,9.75,0.955249,5000,Square
2025-11-21 12:35:41.379,47.4023,8.54721,9.747,1.01213,5000,Square
2025-11-21 12:35:41.579,47.4023,8.54721,9.746,1.01809,5000,Square
2025-11-21 12:35:41.779,47.4023,8.54721,9.75,1.14883,5000,Square
2025-11-21 12:35:41.979,47.4023,8.54721,9.753,1.35882,5000,Square
2025-11-21 12:35:42.179,47.4023,8.5472,9.753,1.46103,5000,Square
2025-11-21 12:35:42.380,47.4023,8.5472,9.756,1.46755,5000,Square
2025-11-21 12:35:42.580,47.4023,8.5472,9.762,1.54175,5000,Square
2025-11-21 12:35:42.780,47.4023,8.5472,9.764,1.67586,5000,Square
2025-11-21 12:35:42.981,47.4023,8.54719,9.762,1.71898,5000,Square
2025-11-21 12:35:43.181,47.4023,8.54719,9.76,1.62856,5000,Square
2025-11-21 12:35:43.381,47.4023,8.54719,9.759,1.52735,5000,Square
2025-11-21 12:35:43.581,47.4023,8.54718,9.76,1.51486,5000,Square
2025-11-21 12:35:43.781,47.4023,8.54718,9.761,1.49241,5000,Square
2025-11-21 12:35:43.981,47.4023,8.54718,9.763,1.32966,5000,Square
2025-11-21 12:35:44.182,47.4023,8.54718,9.765,1.11018,5000,Square
2025-11-21 12:35:44.382,47.4023,8.54718,9.765,1.0142,5000,Square
2025-11-21 12:35:44.582,47.4023,8.54717,9.765,0.971854,5000,Square
2025-11-21 12:35:44.782,47.4023,8.54717,9.766,0.827345,5000,Square
2025-11-21 12:35:44.982,47.4023,8.54717,9.766,0.5728,5000,Square
2025-11-21 12:35:45.183,47.4023,8.54717,9.763,0.39975,5000,Square
2025-11-21 12:35:45.383,47.4023,8.54717,9.761,0.342053,5000,Square
2025-11-21 12:35:45.583,47.4023,8.54717,9.762,0.220907,5000,Square
2025-11-21 12:35:45.783,47.4023,8.54717,9.767,0.126886,5000,Square
2025-11-21 12:35:45.983,47.4023,8.54717,9.767,0.353695,5000,Square
2025-11-21 12:35:46.184,47.4023,8.54717,9.76,0.531601,5000,Square
2025-11-21 12:35:46.384,47.4023,8.54717,9.754,0.612944,5000,Square
2025-11-21 12:35:46.584,47.4023,8.54717,9.752,0.735051,5000,Square
2025-11-21 12:35:46.784,47.4023,8.54717,9.752,0.92358,5000,Square
2025-11-21 12:35:46.984,47.4023,8.54717,9.75,1.02489,5000,Square
2025-11-21 12:35:47.185,47.4023,8.54717,9.75,0.987623,5000,Square
2025-11-21 12:35:47.385,47.4023,8.54717,9.754,0.9564,5000,Square
2025-11-21 12:35:47.585,47.4023,8.54717,9.758,1.03769,5000,Square
2025-11-21 12:35:47.785,47.4023,8.54717,9.761,1.08706,5000,Square
2025-11-21 12:35:47.985,47.4023,8.54717,9.765,1.01074,5000,Square
2025-11-21 12:35:48.186,47.4023,8.54718,9.768,0.898888,5000,Square
2025-11-21 12:35:48.386,47.4023,8.54718,9.77,0.928493,5000,Square
2025-11-21 12:35:48.586,47.4023,8.54718,9.768,1.02596,5000,Square
2025-11-21 12:35:48.786,47.4023,8.54718,9.763,0.998299,5000,Square
2025-11-21 12:35:48.986,47.4023,8.54718,9.76,0.926984,5000,Square
2025-11-21 12:35:49.187,47.4023,8.54718,9.758,0.940479,5000,Square
2025-11-21 12:35:49.387,47.4023,8.54719,9.754,1.03774,5000,Square
2025-11-21 12:35:49.587,47.4023,8.54719,9.753,1.04293,5000,Square
2025-11-21 12:35:49.787,47.4023,8.54719,9.755,0.943027,5000,Square
2025-11-21 12:35:49.987,47.4023,8.54719,9.758,0.91706,5000,Square
2025-11-21 12:35:50.188,47.4023,8.5472,9.762,0.97509,5000,Square
2025-11-21 12:35:50.388,47.4023,8.5472,9.764,0.976166,5000,Square
2025-11-21 12:35:50.588,47.4023,8.5472,9.766,0.868217,5000,Square
2025-11-21 12:35:50.788,47.4023,8.5472,9.765,0.744312,5000,Square
2025-11-21 12:35:50.989,47.4023,8.5472,9.763,0.737902,5000,Square
2025-11-21 12:35:51.189,47.4023,8.5472,9.761,0.766616,5000,Square
2025-11-21 12:35:51.389,47.4023,8.54721,9.761,0.682495,5000,Square
2025-11-21 12:35:51.589,47.4023,8.54721,9.76,0.531507,5000,Square
2025-11-21 12:35:51.789,47.4023,8.54721,9.759,0.468722,5000,Square
2025-11-21 12:35:51.990,47.4023,8.54721,9.76,0.490918,5000,Square
2025-11-21 12:35:52.190,47.4023,8.54721,9.764,0.452769,5000,Square
2025-11-21 12:35:52.390,47.4023,8.54721,9.768,0.310644,5000,Square
2025-11-21 12:35:52.590,47.4023,8.54721,9.769,0.15843,5000,Square
2025-11-21 12:35:52.791,47.4023,8.54721,9.769,0.152971,5000,Square
2025-11-21 12:35:52.991,47.4023,8.54721,9.769,0.162788,5000,Square
2025-11-21 12:35:53.191,47.4023,8.54721,9.77,0.104403,5000,Square
2025-11-21 12:35:53.391,47.4023,8.54721,9.771,0.130767,5000,Square
2025-11-21 12:35:53.591,47.4023,8.54721,9.772,0.156525,5000,Square
2025-11-21 12:35:53.792,47.4023,8.54721,9.772,0.128452,5000,Square
2025-11-21 12:35:53.992,47.4023,8.54721,9.774,0.206155,5000,Square
2025-11-21 12:35:54.192,47.4023,8.54721,9.775,0.345543,5000,Square
2025-11-21 12:35:54.392,47.4023,8.54721,9.773,0.402368,5000,Square
2025-11-21 12:35:54.592,47.4023,8.54721,9.771,0.354824,5000,Square
2025-11-21 12:35:54.793,47.4023,8.54721,9.769,0.338378,5000,Square
2025-11-21 12:35:54.993,47.4023,8.54721,9.768,0.45793,5000,Square
2025-11-21 12:35:55.193,47.4023,8.5472,9.766,0.566392,5000,Square
2025-11-21 12:35:55.393,47.4023,8.5472,9.765,0.576368,5000,Square
2025-11-21 12:35:55.593,47.4023,8.5472,9.766,0.562228,5000,Square
2025-11-21 12:35:55.793,47.4023,8.5472,9.767,0.657647,5000,Square
2025-11-21 12:35:55.994,47.4023,8.5472,9.767,0.82807,5000,Square
2025-11-21 12:35:56.194,47.4023,8.5472,9.764,0.894092,5000,Square
2025-11-21 12:35:56.394,47.4023,8.5472,9.758,0.868217,5000,Square
2025-11-21 12:35:56.594,47.4023,8.5472,9.755,0.902109,5000,Square
2025-11-21 12:35:56.794,47.4023,8.5472,9.756,1.04408,5000,Square
2025-11-21 12:35:56.995,47.4023,8.54719,9.756,1.17137,5000,Square
2025-11-21 12:35:57.195,47.4023,8.54719,9.757,1.18962,5000,Square
2025-11-21 12:35:57.395,47.4023,8.54719,9.76,1.21239,5000,Square
2025-11-21 12:35:57.595,47.4023,8.54719,9.764,1.33255,5000,Square
2025-11-21 12:35:57.795,47.4023,8.54719,9.765,1.4321,5000,Square
2025-11-21 12:35:57.995,47.4023,8.54719,9.766,1.38423,5000,Square
2025-11-21 12:35:58.196,47.4023,8.54718,9.768,1.25196,5000,Square
2025-11-21 12:35:58.396,47.4023,8.54718,9.767,1.20806,5000,Square
2025-11-21 12:35:58.596,47.4023,8.54718,9.763,1.23697,5000,Square
2025-11-21 12:35:58.796,47.4023,8.54718,9.758,1.15421,5000,Square
2025-11-21 12:35:58.996,47.4023,8.54718,9.755,0.951315,5000,Square
2025-11-21 12:35:59.196,47.4023,8.54717,9.751,0.809197,5000,Square
2025-11-21 12:35:59.396,47.4023,8.54717,9.748,0.771038,5000,Square
2025-11-21 12:35:59.597,47.4023,8.54717,9.749,0.668805,5000,Square
2025-11-21 12:35:59.797,47.4023,8.54717,9.754,0.433128,5000,Square
2025-11-21 12:35:59.997,47.4023,8.54717,9.756,0.250799,5000,Square
2025-11-21 12:36:00.197,47.4023,8.54717,9.755,0.286356,5000,Square
2025-11-21 12:36:00.397,47.4023,8.54717,9.756,0.284429,5000,Square
2025-11-21 12:36:00.598,47.4023,8.54717,9.759,0.288791,5000,Square
2025-11-21 12:36:00.798,47.4023,8.54717,9.761,0.471699,5000,Square
2025-11-21 12:36:00.998,47.4023,8.54717,9.758,0.691881,5000,Square
2025-11-21 12:36:01.198,47.4023,8.54717,9.753,0.790253,5000,Square
2025-11-21 12:36:01.398,47.4023,8.54717,9.753,0.878294,5000,Square
2025-11-21 12:36:01.599,47.4023,8.54717,9.757,1.07205,5000,Square
2025-11-21 12:36:01.799,47.4023,8.54717,9.757,1.2832,5000,Square
2025-11-21 12:36:01.999,47.4023,8.54717,9.753,1.40071,5000,Square
2025-11-21 12:36:02.199,47.4023,8.54717,9.751,1.43381,5000,Square
2025-11-21 12:36:02.399,47.4023,8.54717,9.753,1.57188,5000,Square
2025-11-21 12:36:02.600,47.4023,8.54717,9.753,1.77485,5000,Square
2025-11-21 12:36:02.800,47.4023,8.54717,9.748,1.87515,5000,Square
2025-11-21 12:36:03.000,47.4023,8.54718,9.743,1.87518,5000,Square
2025-11-21 12:36:03.200,47.4023,8.54718,9.743,1.91335,5000,Square
2025-11-21 12:36:03.400,47.4023,8.54718,9.742,2.01308,5000,Square
2025-11-21 12:36:03.600,47.4023,8.54718,9.741,2.01042,5000,Square
2025-11-21 12:36:03.801,47.4023,8.54718,9.744,1.88799,5000,Square
2025-11-21 12:36:04.001,47.4023,8.54719,9.752,1.77169,5000,Square
2025-11-21 12:36:04.201,47.4023,8.54719,9.758,1.79622,5000,Square
2025-11-21 12:36:04.401,47.4023,8.54719,9.762,1.82877,5000,Square
2025-11-21 12:36:04.601,47.4023,8.54719,9.766,1.72557,5000,Square
2025-11-21 12:36:04.802,47.4023,8.5472,9.77,1.60431,5000,Square
2025-11-21 12:36:05.002,47.4023,8.5472,9.771,1.60034,5000,Square
2025-11-21 12:36:05.202,47.4023,8.5472,9.77,1.60381,5000,Square
2025-11-21 12:36:05.402,47.4023,8.54721,9.773,1.46813,5000,Square
2025-11-21 12:36:05.602,47.4023,8.54721,9.777,1.19004,5000,Square
2025-11-21 12:36:05.803,47.4022,8.54721,9.775,0.966126,5000,Square
2025-11-21 12:36:06.003,47.4022,8.54721,9.773,0.80963,5000,Square
2025-11-21 12:36:06.203,47.4022,8.54722,9.772,0.56921,5000,Square
2025-11-21 12:36:06.403,47.4022,8.54722,9.774,0.321403,5000,Square
2025-11-21 12:36:06.603,47.4022,8.54722,9.774,0.269444,5000,Square
2025-11-21 12:36:06.804,47.4022,8.54722,9.771,0.407554,5000,Square
2025-11-21 12:36:07.004,47.4023,8.54722,9.769,0.474342,5000,Square
2025-11-21 12:36:07.204,47.4023,8.54722,9.772,0.590085,5000,Square
2025-11-21 12:36:07.404,47.4023,8.54722,9.775,0.841784,5000,Square
2025-11-21 12:36:07.604,47.4023,8.54722,9.771,1.04957,5000,Square
2025-11-21 12:36:07.805,47.4023,8.54722,9.767,1.15122,5000,Square
2025-11-21 12:36:08.005,47.4023,8.54722,9.767,1.26372,5000,Square
2025-11-21 12:36:08.205,47.4023,8.54722,9.772,1.49265,5000,Square
2025-11-21 12:36:08.405,47.4023,8.54721,9.773,1.70804,5000,Square
2025-11-21 12:36:08.605,47.4023,8.54721,9.771,1.80092,5000,Square
2025-11-21 12:36:08.805,47.4023,8.54721,9.769,1.86261,5000,Square
2025-11-21 12:36:09.006,47.4023,8.54721,9.768,2.01109,5000,Square
2025-11-21 12:36:09.206,47.4023,8.54721,9.765,2.17189,5000,Square
2025-11-21 12:36:09.406,47.4023,8.54721,9.761,2.20345,5000,None
2025-11-21 12:36:09.606,47.4023,8.5472,9.743,2.11066,5000,None
2025-11-21 12:36:09.806,47.4023,8.5472,9.668,1.9778,5000,None
2025-11-21 12:36:10.007,47.4023,8.5472,9.503,1.90921,5000,None
2025-11-21 12:36:10.207,47.4023,8.5472,9.249,1.79471,5000,None
2025-11-21 12:36:10.407,47.4023,8.5472,8.958,1.59305,5000,None
2025-11-21 12:36:10.607,47.4023,8.5472,8.674,1.37,5000,None
2025-11-21 12:36:10.807,47.4023,8.5472,8.429,1.11454,5000,None
2025-11-21 12:36:11.008,47.4023,8.5472,8.239,1.05214,5000,None
2025-11-21 12:36:11.208,47.4023,8.5472,8.037,1.10186,5000,None
2025-11-21 12:36:11.408,47.4023,8.5472,7.817,1.10309,5000,None
2025-11-21 12:36:11.608,47.4023,8.5472,7.599,1.08784,5000,None
2025-11-21 12:36:11.808,47.4023,8.5472,7.386,1.06287,5000,None
2025-11-21 12:36:12.008,47.4023,8.5472,7.178,1.04566,5000,None
2025-11-21 12:36:12.209,47.4023,8.5472,6.975,1.01587,5000,None
2025-11-21 12:36:12.409,47.4023,8.5472,6.778,0.991816,5000,None
2025-11-21 12:36:12.609,47.4023,8.5472,6.601,0.95781,5000,None
2025-11-21 12:36:12.809,47.4023,8.5472,6.413,0.932792,5000,None
2025-11-21 12:36:13.009,47.4023,8.5472,6.229,0.900944,5000,None
2025-11-21 12:36:13.209,47.4023,8.5472,6.051,0.880057,5000,None
2025-11-21 12:36:13.410,47.4023,8.5472,5.88,0.850529,5000,None
2025-11-21 12:36:13.610,47.4023,8.5472,5.714,0.821584,5000,None
2025-11-21 12:36:13.810,47.4023,8.5472,5.556,0.802496,5000,None
2025-11-21 12:36:14.010,47.4023,8.5472,5.404,0.782879,5000,None
2025-11-21 12:36:14.210,47.4023,8.5472,5.254,0.762955,5000,None
